timestamp,sbe_receive_time_us,orderbook_update_time_us,arbitrage_detection_time_us,total_processing_time_us,updates_processed,opportunities_found,best_profit_percentage,avg_profit_percentage,symbol
2025-05-18 23:43:09.882,0,167,0,167,1,0,0,0,SOLUSDT
2025-05-18 23:43:09.983,0,36,0,37,1,0,0,0,SOLUSDT
2025-05-18 23:43:10.083,0,44,0,45,1,0,0,0,SOLUSDT
2025-05-18 23:43:10.183,0,51,0,51,1,0,0,0,SOLUSDT
2025-05-18 23:43:10.283,0,54,0,54,1,0,0,0,SOLUSDT
2025-05-18 23:43:10.383,0,122,0,122,1,0,0,0,SOLUSDT
2025-05-18 23:43:10.482,0,31,0,32,1,0,0,0,SOLUSDT
2025-05-18 23:43:10.586,0,63,0,64,1,0,0,0,SOLUSDT
2025-05-18 23:43:10.683,0,74,0,74,1,0,0,0,SOLUSDT
2025-05-18 23:43:10.786,0,47,0,47,1,0,0,0,SOLUSDT
2025-05-18 23:43:10.884,0,85,0,86,1,0,0,0,SOLUSDT
2025-05-18 23:43:10.985,0,78,0,78,1,0,0,0,SOLUSDT
2025-05-18 23:43:11.084,0,106,0,106,1,0,0,0,SOLUSDT
2025-05-18 23:43:11.115,0,40,0,40,1,0,0,0,USDTARS
2025-05-18 23:43:11.183,0,53,0,54,1,0,0,0,SOLUSDT
2025-05-18 23:43:11.283,0,74,0,74,1,0,0,0,SOLUSDT
2025-05-18 23:43:11.383,0,86,0,87,1,0,0,0,SOLUSDT
2025-05-18 23:43:11.483,0,73,0,74,1,0,0,0,SOLUSDT
2025-05-18 23:43:11.583,0,77,0,78,1,0,0,0,SOLUSDT
2025-05-18 23:43:11.683,0,48,0,49,1,0,0,0,SOLUSDT
2025-05-18 23:43:11.783,0,66,0,67,1,0,0,0,SOLUSDT
2025-05-18 23:43:11.883,0,56,0,57,1,0,0,0,SOLUSDT
2025-05-18 23:43:11.983,0,31,0,31,1,0,0,0,SOLUSDT
2025-05-18 23:43:12.083,0,52,0,53,1,0,0,0,SOLUSDT
2025-05-18 23:43:12.184,0,158,0,158,1,0,0,0,SOLUSDT
2025-05-18 23:43:12.286,0,72,0,73,1,0,0,0,SOLUSDT
2025-05-18 23:43:12.383,0,73,0,73,1,0,0,0,SOLUSDT
2025-05-18 23:43:12.482,0,18,0,18,1,0,0,0,SOLUSDT
2025-05-18 23:43:12.583,0,20,0,20,1,0,0,0,SOLUSDT
2025-05-18 23:43:12.682,0,19,0,19,1,0,0,0,SOLUSDT
2025-05-18 23:43:12.783,0,47,0,47,1,0,0,0,SOLUSDT
2025-05-18 23:43:12.884,0,61,0,62,1,0,0,0,SOLUSDT
2025-05-18 23:43:12.984,0,31,0,31,1,0,0,0,SOLUSDT
2025-05-18 23:43:13.084,0,86,0,87,1,0,0,0,SOLUSDT
2025-05-18 23:43:13.186,0,100,0,100,1,0,0,0,SOLUSDT
2025-05-18 23:43:13.285,0,67,0,68,1,0,0,0,SOLUSDT
2025-05-18 23:43:13.385,0,95,0,95,1,0,0,0,SOLUSDT
2025-05-18 23:43:13.484,0,77,0,78,1,0,0,0,SOLUSDT
2025-05-18 23:43:13.584,0,70,0,70,1,0,0,0,SOLUSDT
2025-05-18 23:43:13.684,0,84,0,85,1,0,0,0,SOLUSDT
2025-05-18 23:43:13.785,0,40,0,40,1,0,0,0,SOLUSDT
2025-05-18 23:43:13.886,0,105,0,106,1,0,0,0,SOLUSDT
2025-05-18 23:43:13.983,0,25,0,25,1,0,0,0,SOLUSDT
2025-05-18 23:43:14.083,0,108,0,108,1,0,0,0,SOLUSDT
2025-05-18 23:43:14.184,0,53,0,54,1,0,0,0,SOLUSDT
2025-05-18 23:43:14.283,0,61,0,62,1,0,0,0,SOLUSDT
2025-05-18 23:43:14.315,0,84,0,84,1,0,0,0,USDTARS
2025-05-18 23:43:14.383,0,56,0,57,1,0,0,0,SOLUSDT
2025-05-18 23:43:14.484,0,61,0,62,1,0,0,0,SOLUSDT
2025-05-18 23:43:14.583,0,60,0,61,1,0,0,0,SOLUSDT
2025-05-18 23:43:14.683,0,59,0,59,1,0,0,0,SOLUSDT
2025-05-18 23:43:14.783,0,26,0,26,1,0,0,0,SOLUSDT
2025-05-18 23:43:14.883,0,72,0,72,1,0,0,0,SOLUSDT
2025-05-18 23:43:14.983,0,65,0,65,1,0,0,0,SOLUSDT
2025-05-18 23:43:15.084,0,78,0,78,1,0,0,0,SOLUSDT
2025-05-18 23:43:15.184,0,47,0,48,1,0,0,0,SOLUSDT
2025-05-18 23:43:15.283,0,44,0,44,1,0,0,0,SOLUSDT
2025-05-18 23:43:15.383,0,63,0,63,1,0,0,0,SOLUSDT
2025-05-18 23:43:15.483,0,39,0,40,1,0,0,0,SOLUSDT
2025-05-18 23:43:15.584,0,60,0,60,1,0,0,0,SOLUSDT
2025-05-18 23:43:15.683,0,54,0,55,1,0,0,0,SOLUSDT
2025-05-18 23:43:15.783,0,51,0,51,1,0,0,0,SOLUSDT
2025-05-18 23:43:15.884,0,45,0,46,1,0,0,0,SOLUSDT
2025-05-18 23:43:15.983,0,31,0,32,1,0,0,0,SOLUSDT
2025-05-18 23:43:16.083,0,68,0,68,1,0,0,0,SOLUSDT
2025-05-18 23:43:16.183,0,57,0,57,1,0,0,0,SOLUSDT
2025-05-18 23:43:16.283,0,72,0,72,1,0,0,0,SOLUSDT
2025-05-18 23:43:16.386,0,61,0,62,1,0,0,0,SOLUSDT
2025-05-18 23:43:16.487,0,56,0,57,1,0,0,0,SOLUSDT
2025-05-18 23:43:16.583,0,38,0,39,1,0,0,0,SOLUSDT
2025-05-18 23:43:16.683,0,66,0,67,1,0,0,0,SOLUSDT
2025-05-18 23:43:16.785,0,44,0,45,1,0,0,0,SOLUSDT
2025-05-18 23:43:16.882,0,18,0,18,1,0,0,0,SOLUSDT
2025-05-18 23:43:16.984,0,87,0,87,1,0,0,0,SOLUSDT
2025-05-18 23:43:17.083,0,22,0,22,1,0,0,0,SOLUSDT
2025-05-18 23:43:17.114,0,44,0,44,1,0,0,0,USDTARS
2025-05-18 23:43:17.186,0,54,0,55,1,0,0,0,SOLUSDT
2025-05-18 23:43:17.283,0,47,0,47,1,0,0,0,SOLUSDT
2025-05-18 23:43:17.383,0,79,0,80,1,0,0,0,SOLUSDT
2025-05-18 23:43:17.482,0,15,0,15,1,0,0,0,SOLUSDT
2025-05-18 23:43:17.583,0,20,0,20,1,0,0,0,SOLUSDT
2025-05-18 23:43:17.683,0,89,0,89,1,0,0,0,SOLUSDT
2025-05-18 23:43:17.783,0,36,0,36,1,0,0,0,SOLUSDT
2025-05-18 23:43:17.884,0,56,0,56,1,0,0,0,SOLUSDT
2025-05-18 23:43:17.983,0,33,0,34,1,0,0,0,SOLUSDT
2025-05-18 23:43:18.083,0,113,0,114,1,0,0,0,SOLUSDT
2025-05-18 23:43:18.186,0,50,0,51,1,0,0,0,SOLUSDT
2025-05-18 23:43:18.284,0,38,0,38,1,0,0,0,SOLUSDT
2025-05-18 23:43:18.383,0,61,0,62,1,0,0,0,SOLUSDT
2025-05-18 23:43:18.486,0,54,0,54,1,0,0,0,SOLUSDT
2025-05-18 23:43:18.584,0,31,0,31,1,0,0,0,SOLUSDT
2025-05-18 23:43:18.784,0,62,0,62,1,0,0,0,SOLUSDT
2025-05-18 23:43:18.883,0,43,0,43,1,0,0,0,SOLUSDT
2025-05-18 23:43:18.983,0,58,0,59,1,0,0,0,SOLUSDT
2025-05-18 23:43:19.082,0,26,0,26,1,0,0,0,SOLUSDT
2025-05-18 23:43:19.183,0,69,0,69,1,0,0,0,SOLUSDT
2025-05-18 23:43:19.284,0,57,0,58,1,0,0,0,SOLUSDT
2025-05-18 23:43:19.383,0,13,0,13,1,0,0,0,SOLUSDT
2025-05-18 23:43:19.483,0,19,0,20,1,0,0,0,SOLUSDT
2025-05-18 23:43:19.583,0,49,0,50,1,0,0,0,SOLUSDT
2025-05-18 23:43:19.683,0,58,0,58,1,0,0,0,SOLUSDT
2025-05-18 23:43:19.783,0,28,0,28,1,0,0,0,SOLUSDT
2025-05-18 23:43:19.883,0,59,0,59,1,0,0,0,SOLUSDT
2025-05-18 23:43:19.983,0,46,0,47,1,0,0,0,SOLUSDT
2025-05-18 23:43:20.083,0,53,0,54,1,0,0,0,SOLUSDT
2025-05-18 23:43:20.185,0,98,0,98,1,0,0,0,SOLUSDT
2025-05-18 23:43:20.284,0,57,0,57,1,0,0,0,SOLUSDT
2025-05-18 23:43:20.401,0,100,0,100,1,0,0,0,SOLUSDT
2025-05-18 23:43:20.484,0,52,0,53,1,0,0,0,SOLUSDT
2025-05-18 23:43:20.583,0,74,0,74,1,0,0,0,SOLUSDT
2025-05-18 23:43:20.684,0,62,0,63,1,0,0,0,SOLUSDT
2025-05-18 23:43:20.784,0,29,0,29,1,0,0,0,SOLUSDT
2025-05-18 23:43:20.884,0,52,0,53,1,0,0,0,SOLUSDT
2025-05-18 23:43:20.984,0,67,0,67,1,0,0,0,SOLUSDT
2025-05-18 23:43:21.083,0,54,0,54,1,0,0,0,SOLUSDT
2025-05-18 23:43:21.183,0,10,0,10,1,0,0,0,SOLUSDT
2025-05-18 23:43:21.283,0,33,0,34,1,0,0,0,SOLUSDT
2025-05-18 23:43:21.383,0,65,0,65,1,0,0,0,SOLUSDT
2025-05-18 23:43:21.415,0,27,0,27,1,0,0,0,USDTARS
2025-05-18 23:43:21.483,0,30,0,30,1,0,0,0,SOLUSDT
2025-05-18 23:43:21.583,0,52,0,53,1,0,0,0,SOLUSDT
2025-05-18 23:43:21.683,0,56,0,56,1,0,0,0,SOLUSDT
2025-05-18 23:43:21.783,0,51,0,51,1,0,0,0,SOLUSDT
2025-05-18 23:43:21.884,0,126,0,126,1,0,0,0,SOLUSDT
2025-05-18 23:43:21.983,0,78,0,79,1,0,0,0,SOLUSDT
2025-05-18 23:43:22.083,0,89,0,90,1,0,0,0,SOLUSDT
2025-05-18 23:43:22.184,0,116,0,117,1,0,0,0,SOLUSDT
2025-05-18 23:43:22.283,0,55,0,55,1,0,0,0,SOLUSDT
2025-05-18 23:43:22.383,0,72,0,73,1,0,0,0,SOLUSDT
2025-05-18 23:43:22.482,0,11,0,11,1,0,0,0,SOLUSDT
2025-05-18 23:43:22.583,0,21,0,21,1,0,0,0,SOLUSDT
2025-05-18 23:43:22.683,0,44,0,44,1,0,0,0,SOLUSDT
2025-05-18 23:43:22.783,0,34,0,34,1,0,0,0,SOLUSDT
2025-05-18 23:43:22.885,0,60,0,60,1,0,0,0,SOLUSDT
2025-05-18 23:43:22.984,0,43,0,43,1,0,0,0,SOLUSDT
2025-05-18 23:43:23.083,0,59,0,60,1,0,0,0,SOLUSDT
2025-05-18 23:43:23.183,0,40,0,41,1,0,0,0,SOLUSDT
2025-05-18 23:43:23.214,0,31,0,31,1,0,0,0,USDTARS
2025-05-18 23:43:23.282,0,22,0,22,1,0,0,0,SOLUSDT
2025-05-18 23:43:23.383,0,38,0,38,1,0,0,0,SOLUSDT
2025-05-18 23:43:23.485,0,65,0,65,1,0,0,0,SOLUSDT
2025-05-18 23:43:23.585,0,62,0,63,1,0,0,0,SOLUSDT
2025-05-18 23:43:23.683,0,49,0,49,1,0,0,0,SOLUSDT
2025-05-18 23:43:23.790,0,65,0,65,1,0,0,0,SOLUSDT
2025-05-18 23:43:23.884,0,52,0,53,1,0,0,0,SOLUSDT
2025-05-18 23:43:23.983,0,88,0,89,1,0,0,0,SOLUSDT
2025-05-18 23:43:24.083,0,67,0,68,1,0,0,0,SOLUSDT
2025-05-18 23:43:24.183,0,90,0,90,1,0,0,0,SOLUSDT
2025-05-18 23:43:24.283,0,69,0,69,1,0,0,0,SOLUSDT
2025-05-18 23:43:24.383,0,55,0,56,1,0,0,0,SOLUSDT
2025-05-18 23:43:24.484,0,63,0,64,1,0,0,0,SOLUSDT
2025-05-18 23:43:24.583,0,43,0,43,1,0,0,0,SOLUSDT
2025-05-18 23:43:24.683,0,56,0,57,1,0,0,0,SOLUSDT
2025-05-18 23:43:24.787,0,45,0,45,1,0,0,0,SOLUSDT
2025-05-18 23:43:24.886,0,55,0,56,1,0,0,0,SOLUSDT
2025-05-18 23:43:24.986,0,57,0,58,1,0,0,0,SOLUSDT
2025-05-18 23:43:25.086,0,61,0,62,1,0,0,0,SOLUSDT
2025-05-18 23:43:25.184,0,73,0,74,1,0,0,0,SOLUSDT
2025-05-18 23:43:25.283,0,52,0,52,1,0,0,0,SOLUSDT
2025-05-18 23:43:25.383,0,82,0,83,1,0,0,0,SOLUSDT
2025-05-18 23:43:25.482,0,34,0,34,1,0,0,0,SOLUSDT
2025-05-18 23:43:25.583,0,53,0,53,1,0,0,0,SOLUSDT
2025-05-18 23:43:25.685,0,66,0,67,1,0,0,0,SOLUSDT
2025-05-18 23:43:25.783,0,100,0,101,1,0,0,0,SOLUSDT
2025-05-18 23:43:25.883,0,69,0,70,1,0,0,0,SOLUSDT
2025-05-18 23:43:25.983,0,62,0,63,1,0,0,0,SOLUSDT
2025-05-18 23:43:26.083,0,54,0,55,1,0,0,0,SOLUSDT
2025-05-18 23:43:26.184,0,61,0,62,1,0,0,0,SOLUSDT
2025-05-18 23:43:26.283,0,43,0,44,1,0,0,0,SOLUSDT
2025-05-18 23:43:26.384,0,92,0,93,1,0,0,0,SOLUSDT
2025-05-18 23:43:26.483,0,59,0,60,1,0,0,0,SOLUSDT
2025-05-18 23:43:26.583,0,69,0,70,1,0,0,0,SOLUSDT
2025-05-18 23:43:26.683,0,58,0,58,1,0,0,0,SOLUSDT
2025-05-18 23:43:26.783,0,125,0,126,1,0,0,0,SOLUSDT
2025-05-18 23:43:26.883,0,59,0,59,1,0,0,0,SOLUSDT
2025-05-18 23:43:26.983,0,42,0,43,1,0,0,0,SOLUSDT
2025-05-18 23:43:27.083,0,66,0,67,1,0,0,0,SOLUSDT
2025-05-18 23:43:27.184,0,60,0,60,1,0,0,0,SOLUSDT
2025-05-18 23:43:27.283,0,39,0,39,1,0,0,0,SOLUSDT
2025-05-18 23:43:27.383,0,70,0,71,1,0,0,0,SOLUSDT
2025-05-18 23:43:27.483,0,14,0,14,1,0,0,0,SOLUSDT
2025-05-18 23:43:27.582,0,23,0,23,1,0,0,0,SOLUSDT
2025-05-18 23:43:27.683,0,54,0,54,1,0,0,0,SOLUSDT
2025-05-18 23:43:27.784,0,54,0,54,1,0,0,0,SOLUSDT
2025-05-18 23:43:27.883,0,49,0,50,1,0,0,0,SOLUSDT
2025-05-18 23:43:27.984,0,105,0,105,1,0,0,0,SOLUSDT
2025-05-18 23:43:28.086,0,61,0,61,1,0,0,0,SOLUSDT
2025-05-18 23:43:28.183,0,72,0,73,1,0,0,0,SOLUSDT
2025-05-18 23:43:28.283,0,57,0,57,1,0,0,0,SOLUSDT
2025-05-18 23:43:28.384,0,55,0,55,1,0,0,0,SOLUSDT
2025-05-18 23:43:28.486,0,75,0,75,1,0,0,0,SOLUSDT
2025-05-18 23:43:28.583,0,63,0,63,1,0,0,0,SOLUSDT
2025-05-18 23:43:28.685,0,59,0,60,1,0,0,0,SOLUSDT
2025-05-18 23:43:28.783,0,51,0,52,1,0,0,0,SOLUSDT
2025-05-18 23:43:28.883,0,95,0,96,1,0,0,0,SOLUSDT
2025-05-18 23:43:28.983,0,61,0,62,1,0,0,0,SOLUSDT
2025-05-18 23:43:29.083,0,79,0,80,1,0,0,0,SOLUSDT
2025-05-18 23:43:29.187,0,47,0,48,1,0,0,0,SOLUSDT
2025-05-18 23:43:29.222,0,40,0,40,1,0,0,0,USDTARS
2025-05-18 23:43:29.285,0,66,0,66,1,0,0,0,SOLUSDT
2025-05-18 23:43:29.383,0,69,0,69,1,0,0,0,SOLUSDT
2025-05-18 23:43:29.483,0,65,0,66,1,0,0,0,SOLUSDT
2025-05-18 23:43:29.584,0,57,0,58,1,0,0,0,SOLUSDT
2025-05-18 23:43:29.615,0,34,0,35,1,0,0,0,USDTARS
2025-05-18 23:43:29.683,0,15,0,15,1,0,0,0,SOLUSDT
2025-05-18 23:43:29.783,0,52,0,52,1,0,0,0,SOLUSDT
2025-05-18 23:43:29.883,0,135,0,135,1,0,0,0,SOLUSDT
2025-05-18 23:43:29.984,0,59,0,60,1,0,0,0,SOLUSDT
2025-05-18 23:43:30.083,0,68,0,69,1,0,0,0,SOLUSDT
2025-05-18 23:43:30.183,0,81,0,81,1,0,0,0,SOLUSDT
2025-05-18 23:43:30.283,0,52,0,52,1,0,0,0,SOLUSDT
2025-05-18 23:43:30.383,0,61,0,61,1,0,0,0,SOLUSDT
2025-05-18 23:43:30.483,0,49,0,50,1,0,0,0,SOLUSDT
2025-05-18 23:43:30.583,0,59,0,60,1,0,0,0,SOLUSDT
2025-05-18 23:43:30.683,0,38,0,38,1,0,0,0,SOLUSDT
2025-05-18 23:43:30.784,0,47,0,47,1,0,0,0,SOLUSDT
2025-05-18 23:43:30.884,0,178,0,178,1,0,0,0,SOLUSDT
2025-05-18 23:43:30.984,0,67,0,67,1,0,0,0,SOLUSDT
2025-05-18 23:43:31.083,0,39,0,40,1,0,0,0,SOLUSDT
2025-05-18 23:43:31.183,0,60,0,60,1,0,0,0,SOLUSDT
2025-05-18 23:43:31.283,0,54,0,54,1,0,0,0,SOLUSDT
2025-05-18 23:43:31.383,0,50,0,51,1,0,0,0,SOLUSDT
2025-05-18 23:43:31.484,0,70,0,71,1,0,0,0,SOLUSDT
2025-05-18 23:43:31.583,0,35,0,36,1,0,0,0,SOLUSDT
2025-05-18 23:43:31.683,0,74,0,75,1,0,0,0,SOLUSDT
2025-05-18 23:43:31.783,0,141,0,142,1,0,0,0,SOLUSDT
2025-05-18 23:43:31.882,0,36,0,37,1,0,0,0,SOLUSDT
2025-05-18 23:43:31.983,0,54,0,55,1,0,0,0,SOLUSDT
2025-05-18 23:43:32.084,0,66,0,67,1,0,0,0,SOLUSDT
2025-05-18 23:43:32.184,0,35,0,36,1,0,0,0,SOLUSDT
2025-05-18 23:43:32.285,0,53,0,54,1,0,0,0,SOLUSDT
2025-05-18 23:43:32.383,0,63,0,64,1,0,0,0,SOLUSDT
2025-05-18 23:43:32.482,0,19,0,20,1,0,0,0,SOLUSDT
2025-05-18 23:43:32.583,0,29,0,29,1,0,0,0,SOLUSDT
2025-05-18 23:43:32.698,0,86,0,87,1,0,0,0,SOLUSDT
2025-05-18 23:43:32.783,0,47,0,48,1,0,0,0,SOLUSDT
2025-05-18 23:43:32.885,0,68,0,69,1,0,0,0,SOLUSDT
2025-05-18 23:43:32.989,0,601,0,601,1,0,0,0,SOLUSDT
2025-05-18 23:43:33.083,0,33,0,33,1,0,0,0,SOLUSDT
2025-05-18 23:43:33.184,0,63,0,64,1,0,0,0,SOLUSDT
2025-05-18 23:43:33.283,0,50,0,50,1,0,0,0,SOLUSDT
2025-05-18 23:43:33.382,0,23,0,23,1,0,0,0,SOLUSDT
2025-05-18 23:43:33.483,0,34,0,34,1,0,0,0,SOLUSDT
2025-05-18 23:43:33.587,0,57,0,57,1,0,0,0,SOLARS
2025-05-18 23:43:33.587,0,85,0,85,1,0,0,0,SOLUSDT
2025-05-18 23:43:33.683,0,75,0,75,1,0,0,0,SOLUSDT
2025-05-18 23:43:33.784,0,42,0,42,1,0,0,0,SOLUSDT
2025-05-18 23:43:33.884,0,89,0,89,1,0,0,0,SOLUSDT
2025-05-18 23:43:33.985,0,26,0,26,1,0,0,0,SOLUSDT
2025-05-18 23:43:34.091,0,12,0,12,1,0,0,0,SOLARS
2025-05-18 23:43:34.091,0,29,0,30,1,0,0,0,SOLUSDT
2025-05-18 23:43:34.185,0,64,0,64,1,0,0,0,SOLUSDT
2025-05-18 23:43:34.295,0,63,0,64,1,0,0,0,SOLUSDT
2025-05-18 23:43:34.383,0,51,0,51,1,0,0,0,SOLUSDT
2025-05-18 23:43:34.484,0,71,0,72,1,0,0,0,SOLUSDT
2025-05-18 23:43:34.580,0,62,0,63,1,0,0,0,SOLARS
2025-05-18 23:43:34.582,0,42,0,42,1,0,0,0,SOLUSDT
2025-05-18 23:43:34.682,0,17,0,17,1,0,0,0,SOLUSDT
2025-05-18 23:43:34.782,0,12,0,12,1,0,0,0,SOLUSDT
2025-05-18 23:43:34.883,0,66,0,66,1,0,0,0,SOLUSDT
2025-05-18 23:43:34.981,0,73,0,73,1,0,0,0,SOLARS
2025-05-18 23:43:34.983,0,36,0,36,1,0,0,0,SOLUSDT
2025-05-18 23:43:35.086,0,82,0,82,1,0,0,0,SOLUSDT
2025-05-18 23:43:35.183,0,59,0,59,1,0,0,0,SOLUSDT
2025-05-18 23:43:35.216,0,39,0,40,1,0,0,0,USDTARS
2025-05-18 23:43:35.283,0,73,0,74,1,0,0,0,SOLUSDT
2025-05-18 23:43:35.403,0,71,0,72,1,0,0,0,SOLUSDT
2025-05-18 23:43:35.492,0,52,0,53,1,0,0,0,SOLUSDT
2025-05-18 23:43:35.592,0,71,0,71,1,0,0,0,SOLUSDT
2025-05-18 23:43:35.695,0,62,0,62,1,0,0,0,SOLUSDT
2025-05-18 23:43:35.783,0,28,0,28,1,0,0,0,SOLUSDT
2025-05-18 23:43:35.883,0,98,0,98,1,0,0,0,SOLUSDT
2025-05-18 23:43:35.984,0,64,0,65,1,0,0,0,SOLUSDT
2025-05-18 23:43:36.083,0,11,0,11,1,0,0,0,SOLUSDT
2025-05-18 23:43:36.183,0,69,0,69,1,0,0,0,SOLUSDT
2025-05-18 23:43:36.283,0,42,0,42,1,0,0,0,SOLUSDT
2025-05-18 23:43:36.382,0,53,0,53,1,0,0,0,SOLUSDT
2025-05-18 23:43:36.482,0,42,0,42,1,0,0,0,SOLUSDT
2025-05-18 23:43:36.585,0,40,0,41,1,0,0,0,SOLUSDT
2025-05-18 23:43:36.684,0,61,0,61,1,0,0,0,SOLUSDT
2025-05-18 23:43:36.783,0,48,0,49,1,0,0,0,SOLUSDT
2025-05-18 23:43:36.883,0,62,0,62,1,0,0,0,SOLUSDT
2025-05-18 23:43:36.983,0,45,0,45,1,0,0,0,SOLUSDT
2025-05-18 23:43:37.086,0,64,0,65,1,0,0,0,SOLUSDT
2025-05-18 23:43:37.185,0,111,0,111,1,0,0,0,SOLUSDT
2025-05-18 23:43:37.283,0,44,0,44,1,0,0,0,SOLUSDT
2025-05-18 23:43:37.383,0,66,0,67,1,0,0,0,SOLUSDT
2025-05-18 23:43:37.483,0,16,0,16,1,0,0,0,SOLUSDT
2025-05-18 23:43:37.583,0,11,0,11,1,0,0,0,SOLUSDT
2025-05-18 23:43:37.683,0,52,0,52,1,0,0,0,SOLUSDT
2025-05-18 23:43:37.785,0,42,0,43,1,0,0,0,SOLUSDT
2025-05-18 23:43:37.883,0,61,0,62,1,0,0,0,SOLUSDT
2025-05-18 23:43:37.983,0,74,0,75,1,0,0,0,SOLUSDT
2025-05-18 23:43:38.085,0,87,0,88,1,0,0,0,SOLUSDT
2025-05-18 23:43:38.183,0,53,0,53,1,0,0,0,SOLUSDT
2025-05-18 23:43:38.282,0,29,0,30,1,0,0,0,SOLUSDT
2025-05-18 23:43:38.383,0,64,0,64,1,0,0,0,SOLUSDT
2025-05-18 23:43:38.484,0,55,0,56,1,0,0,0,SOLUSDT
2025-05-18 23:43:38.585,0,58,0,58,1,0,0,0,SOLUSDT
2025-05-18 23:43:38.683,0,36,0,36,1,0,0,0,SOLUSDT
2025-05-18 23:43:38.784,0,45,0,45,1,0,0,0,SOLUSDT
2025-05-18 23:43:38.883,0,40,0,41,1,0,0,0,SOLUSDT
2025-05-18 23:43:38.983,0,53,0,54,1,0,0,0,SOLUSDT
2025-05-18 23:43:39.083,0,40,0,41,1,0,0,0,SOLUSDT
2025-05-18 23:43:39.183,0,48,0,48,1,0,0,0,SOLUSDT
2025-05-18 23:43:39.283,0,132,0,132,1,0,0,0,SOLUSDT
2025-05-18 23:43:39.384,0,65,0,66,1,0,0,0,SOLUSDT
2025-05-18 23:43:39.415,0,41,0,42,1,0,0,0,USDTARS
2025-05-18 23:43:39.484,0,96,0,97,1,0,0,0,SOLUSDT
2025-05-18 23:43:39.582,0,44,0,44,1,0,0,0,SOLUSDT
2025-05-18 23:43:39.683,0,65,0,65,1,0,0,0,SOLUSDT
2025-05-18 23:43:39.783,0,35,0,35,1,0,0,0,SOLUSDT
2025-05-18 23:43:39.983,0,73,0,73,1,0,0,0,SOLUSDT
2025-05-18 23:43:40.083,0,66,0,66,1,0,0,0,SOLUSDT
2025-05-18 23:43:40.183,0,56,0,56,1,0,0,0,SOLUSDT
2025-05-18 23:43:40.284,0,45,0,46,1,0,0,0,SOLUSDT
2025-05-18 23:43:40.382,0,28,0,29,1,0,0,0,SOLUSDT
2025-05-18 23:43:40.414,0,24,0,24,1,0,0,0,USDTARS
2025-05-18 23:43:40.483,0,74,0,75,1,0,0,0,SOLUSDT
2025-05-18 23:43:40.584,0,69,0,69,1,0,0,0,SOLUSDT
2025-05-18 23:43:40.683,0,55,0,57,1,0,0,0,SOLUSDT
2025-05-18 23:43:40.784,0,71,0,72,1,0,0,0,SOLUSDT
2025-05-18 23:43:40.883,0,53,0,53,1,0,0,0,SOLUSDT
2025-05-18 23:43:40.983,0,73,0,73,1,0,0,0,SOLUSDT
2025-05-18 23:43:41.083,0,52,0,53,1,0,0,0,SOLUSDT
2025-05-18 23:43:41.182,0,14,0,14,1,0,0,0,SOLUSDT
2025-05-18 23:43:41.215,0,49,0,50,1,0,0,0,USDTARS
2025-05-18 23:43:41.284,0,75,0,76,1,0,0,0,SOLUSDT
2025-05-18 23:43:41.484,0,68,0,69,1,0,0,0,SOLUSDT
2025-05-18 23:43:41.583,0,64,0,65,1,0,0,0,SOLUSDT
2025-05-18 23:43:41.683,0,63,0,64,1,0,0,0,SOLUSDT
2025-05-18 23:43:41.783,0,51,0,52,1,0,0,0,SOLUSDT
2025-05-18 23:43:41.883,0,80,0,80,1,0,0,0,SOLUSDT
2025-05-18 23:43:41.983,0,53,0,53,1,0,0,0,SOLUSDT
2025-05-18 23:43:42.085,0,66,0,67,1,0,0,0,SOLUSDT
2025-05-18 23:43:42.183,0,48,0,49,1,0,0,0,SOLUSDT
2025-05-18 23:43:42.283,0,85,0,86,1,0,0,0,SOLUSDT
2025-05-18 23:43:42.383,0,35,0,36,1,0,0,0,SOLUSDT
2025-05-18 23:43:42.483,0,14,0,14,1,0,0,0,SOLUSDT
2025-05-18 23:43:42.582,0,21,0,21,1,0,0,0,SOLUSDT
2025-05-18 23:43:42.683,0,32,0,32,1,0,0,0,SOLUSDT
2025-05-18 23:43:42.783,0,47,0,48,1,0,0,0,SOLUSDT
2025-05-18 23:43:42.883,0,55,0,55,1,0,0,0,SOLUSDT
2025-05-18 23:43:42.983,0,47,0,48,1,0,0,0,SOLUSDT
2025-05-18 23:43:43.081,0,64,0,64,1,0,0,0,SOLARS
2025-05-18 23:43:43.082,0,18,0,18,1,0,0,0,SOLUSDT
2025-05-18 23:43:43.185,0,76,0,77,1,0,0,0,SOLUSDT
2025-05-18 23:43:43.287,0,89,0,89,1,0,0,0,SOLUSDT
2025-05-18 23:43:43.384,0,83,0,84,1,0,0,0,SOLUSDT
2025-05-18 23:43:43.486,0,68,0,68,1,0,0,0,SOLUSDT
2025-05-18 23:43:43.579,0,48,0,49,1,0,0,0,SOLARS
2025-05-18 23:43:43.583,0,36,0,37,1,0,0,0,SOLUSDT
2025-05-18 23:43:43.683,0,68,0,69,1,0,0,0,SOLUSDT
2025-05-18 23:43:43.783,0,40,0,40,1,0,0,0,SOLUSDT
2025-05-18 23:43:43.883,0,65,0,65,1,0,0,0,SOLUSDT
2025-05-18 23:43:43.983,0,66,0,67,1,0,0,0,SOLUSDT
2025-05-18 23:43:44.085,0,61,0,62,1,0,0,0,SOLUSDT
2025-05-18 23:43:44.183,0,55,0,55,1,0,0,0,SOLUSDT
2025-05-18 23:43:44.283,0,79,0,79,1,0,0,0,SOLUSDT
2025-05-18 23:43:44.384,0,71,0,72,1,0,0,0,SOLUSDT
2025-05-18 23:43:44.484,0,46,0,47,1,0,0,0,SOLUSDT
2025-05-18 23:43:44.584,0,30,0,30,1,0,0,0,SOLUSDT
2025-05-18 23:43:44.682,0,42,0,43,1,0,0,0,SOLUSDT
2025-05-18 23:43:44.780,0,57,0,58,1,0,0,0,SOLARS
2025-05-18 23:43:44.783,0,58,0,58,1,0,0,0,SOLUSDT
2025-05-18 23:43:44.885,0,60,0,60,1,0,0,0,SOLUSDT
2025-05-18 23:43:44.979,0,51,0,52,1,0,0,0,SOLARS
2025-05-18 23:43:44.983,0,37,0,37,1,0,0,0,SOLUSDT
2025-05-18 23:43:45.079,0,61,0,61,1,0,0,0,SOLARS
2025-05-18 23:43:45.084,0,44,0,45,1,0,0,0,SOLUSDT
2025-05-18 23:43:45.179,0,50,0,51,1,0,0,0,SOLARS
2025-05-18 23:43:45.182,0,31,0,31,1,0,0,0,SOLUSDT
2025-05-18 23:43:45.284,0,46,0,47,1,0,0,0,SOLUSDT
2025-05-18 23:43:45.315,0,39,0,40,1,0,0,0,USDTARS
2025-05-18 23:43:45.383,0,63,0,64,1,0,0,0,SOLUSDT
2025-05-18 23:43:45.483,0,71,0,71,1,0,0,0,SOLUSDT
2025-05-18 23:43:45.584,0,73,0,74,1,0,0,0,SOLUSDT
2025-05-18 23:43:45.683,0,66,0,66,1,0,0,0,SOLUSDT
2025-05-18 23:43:45.784,0,44,0,44,1,0,0,0,SOLUSDT
2025-05-18 23:43:45.883,0,62,0,62,1,0,0,0,SOLUSDT
2025-05-18 23:43:45.983,0,65,0,66,1,0,0,0,SOLUSDT
2025-05-18 23:43:46.083,0,54,0,55,1,0,0,0,SOLUSDT
2025-05-18 23:43:46.183,0,73,0,73,1,0,0,0,SOLUSDT
2025-05-18 23:43:46.283,0,63,0,63,1,0,0,0,SOLUSDT
2025-05-18 23:43:46.386,0,56,0,57,1,0,0,0,SOLUSDT
2025-05-18 23:43:46.483,0,54,0,55,1,0,0,0,SOLUSDT
2025-05-18 23:43:46.583,0,56,0,57,1,0,0,0,SOLUSDT
2025-05-18 23:43:46.683,0,50,0,50,1,0,0,0,SOLUSDT
2025-05-18 23:43:46.784,0,30,0,30,1,0,0,0,SOLUSDT
2025-05-18 23:43:46.883,0,66,0,67,1,0,0,0,SOLUSDT
2025-05-18 23:43:46.988,0,86,0,86,1,0,0,0,SOLUSDT
2025-05-18 23:43:47.083,0,50,0,51,1,0,0,0,SOLUSDT
2025-05-18 23:43:47.185,0,93,0,94,1,0,0,0,SOLUSDT
2025-05-18 23:43:47.214,0,19,0,19,1,0,0,0,USDTARS
2025-05-18 23:43:47.283,0,64,0,64,1,0,0,0,SOLUSDT
2025-05-18 23:43:47.382,0,21,0,21,1,0,0,0,SOLUSDT
2025-05-18 23:43:47.482,0,7,0,7,1,0,0,0,SOLUSDT
2025-05-18 23:43:47.583,0,18,0,18,1,0,0,0,SOLUSDT
2025-05-18 23:43:47.683,0,73,0,74,1,0,0,0,SOLUSDT
2025-05-18 23:43:47.784,0,58,0,59,1,0,0,0,SOLUSDT
2025-05-18 23:43:47.983,0,70,0,71,1,0,0,0,SOLUSDT
2025-05-18 23:43:48.083,0,67,0,67,1,0,0,0,SOLUSDT
2025-05-18 23:43:48.183,0,87,0,88,1,0,0,0,SOLUSDT
2025-05-18 23:43:48.283,0,50,0,51,1,0,0,0,SOLUSDT
2025-05-18 23:43:48.383,0,60,0,61,1,0,0,0,SOLUSDT
2025-05-18 23:43:48.484,0,87,0,88,1,0,0,0,SOLUSDT
2025-05-18 23:43:48.583,0,72,0,73,1,0,0,0,SOLUSDT
2025-05-18 23:43:48.683,0,52,0,53,1,0,0,0,SOLUSDT
2025-05-18 23:43:48.784,0,65,0,65,1,0,0,0,SOLUSDT
2025-05-18 23:43:48.883,0,29,0,29,1,0,0,0,SOLUSDT
2025-05-18 23:43:48.983,0,101,0,102,1,0,0,0,SOLUSDT
2025-05-18 23:43:49.083,0,46,0,46,1,0,0,0,SOLUSDT
2025-05-18 23:43:49.183,0,53,0,53,1,0,0,0,SOLUSDT
2025-05-18 23:43:49.284,0,44,0,45,1,0,0,0,SOLUSDT
2025-05-18 23:43:49.385,0,59,0,60,1,0,0,0,SOLUSDT
2025-05-18 23:43:49.483,0,59,0,59,1,0,0,0,SOLUSDT
2025-05-18 23:43:49.583,0,67,0,67,1,0,0,0,SOLUSDT
2025-05-18 23:43:49.683,0,41,0,41,1,0,0,0,SOLUSDT
2025-05-18 23:43:49.783,0,59,0,59,1,0,0,0,SOLUSDT
2025-05-18 23:43:49.884,0,52,0,52,1,0,0,0,SOLUSDT
2025-05-18 23:43:49.984,0,30,0,30,1,0,0,0,SOLUSDT
2025-05-18 23:43:50.083,0,66,0,66,1,0,0,0,SOLUSDT
2025-05-18 23:43:50.183,0,41,0,42,1,0,0,0,SOLUSDT
2025-05-18 23:43:50.283,0,61,0,61,1,0,0,0,SOLUSDT
2025-05-18 23:43:50.407,0,67,0,68,1,0,0,0,SOLUSDT
2025-05-18 23:43:50.485,0,37,0,38,1,0,0,0,SOLUSDT
2025-05-18 23:43:50.584,0,58,0,58,1,0,0,0,SOLUSDT
2025-05-18 23:43:50.683,0,45,0,46,1,0,0,0,SOLUSDT
2025-05-18 23:43:50.784,0,55,0,55,1,0,0,0,SOLUSDT
2025-05-18 23:43:50.883,0,46,0,46,1,0,0,0,SOLUSDT
2025-05-18 23:43:50.984,0,75,0,75,1,0,0,0,SOLUSDT
2025-05-18 23:43:51.082,0,9,0,10,1,0,0,0,SOLUSDT
2025-05-18 23:43:51.182,0,63,0,63,1,0,0,0,SOLUSDT
2025-05-18 23:43:51.284,0,27,0,27,1,0,0,0,SOLUSDT
2025-05-18 23:43:51.379,0,59,0,60,1,0,0,0,SOLARS
2025-05-18 23:43:51.382,0,19,0,19,1,0,0,0,SOLUSDT
2025-05-18 23:43:51.485,0,38,0,38,1,0,0,0,SOLUSDT
2025-05-18 23:43:51.683,0,72,0,73,1,0,0,0,SOLUSDT
2025-05-18 23:43:51.783,0,43,0,43,1,0,0,0,SOLUSDT
2025-05-18 23:43:51.883,0,209,0,210,1,0,0,0,SOLUSDT
2025-05-18 23:43:51.983,0,54,0,54,1,0,0,0,SOLUSDT
2025-05-18 23:43:52.083,0,66,0,67,1,0,0,0,SOLUSDT
2025-05-18 23:43:52.183,0,67,0,68,1,0,0,0,SOLUSDT
2025-05-18 23:43:52.283,0,61,0,62,1,0,0,0,SOLUSDT
2025-05-18 23:43:52.384,0,58,0,58,1,0,0,0,SOLUSDT
2025-05-18 23:43:52.483,0,68,0,68,1,0,0,0,SOLUSDT
2025-05-18 23:43:52.582,0,18,0,18,1,0,0,0,SOLUSDT
2025-05-18 23:43:52.682,0,23,0,24,1,0,0,0,SOLUSDT
2025-05-18 23:43:52.784,0,55,0,55,1,0,0,0,SOLUSDT
2025-05-18 23:43:52.883,0,79,0,79,1,0,0,0,SOLUSDT
2025-05-18 23:43:52.983,0,94,0,95,1,0,0,0,SOLUSDT
2025-05-18 23:43:53.083,0,64,0,65,1,0,0,0,SOLUSDT
2025-05-18 23:43:53.184,0,25,0,25,1,0,0,0,SOLUSDT
2025-05-18 23:43:53.283,0,53,0,53,1,0,0,0,SOLUSDT
2025-05-18 23:43:53.316,0,44,0,44,1,0,0,0,USDTARS
2025-05-18 23:43:53.384,0,76,0,77,1,0,0,0,SOLUSDT
2025-05-18 23:43:53.483,0,87,0,88,1,0,0,0,SOLUSDT
2025-05-18 23:43:53.584,0,69,0,69,1,0,0,0,SOLUSDT
2025-05-18 23:43:53.683,0,58,0,58,1,0,0,0,SOLUSDT
2025-05-18 23:43:53.783,0,64,0,64,1,0,0,0,SOLUSDT
2025-05-18 23:43:53.883,0,80,0,80,1,0,0,0,SOLUSDT
2025-05-18 23:43:53.983,0,45,0,45,1,0,0,0,SOLUSDT
2025-05-18 23:43:54.083,0,64,0,64,1,0,0,0,SOLUSDT
2025-05-18 23:43:54.184,0,94,0,94,1,0,0,0,SOLUSDT
2025-05-18 23:43:54.286,0,108,0,108,1,0,0,0,SOLUSDT
2025-05-18 23:43:54.384,0,53,0,54,1,0,0,0,SOLUSDT
2025-05-18 23:43:54.483,0,218,0,219,1,0,0,0,SOLUSDT
2025-05-18 23:43:54.585,0,50,0,50,1,0,0,0,SOLUSDT
2025-05-18 23:43:54.683,0,48,0,48,1,0,0,0,SOLUSDT
2025-05-18 23:43:54.785,0,56,0,57,1,0,0,0,SOLUSDT
2025-05-18 23:43:54.886,0,62,0,63,1,0,0,0,SOLUSDT
2025-05-18 23:43:54.983,0,41,0,41,1,0,0,0,SOLUSDT
2025-05-18 23:43:55.083,0,109,0,109,1,0,0,0,SOLUSDT
2025-05-18 23:43:55.184,0,64,0,64,1,0,0,0,SOLUSDT
2025-05-18 23:43:55.286,0,16,0,16,1,0,0,0,SOLUSDT
2025-05-18 23:43:55.383,0,37,0,37,1,0,0,0,SOLUSDT
2025-05-18 23:43:55.483,0,56,0,56,1,0,0,0,SOLUSDT
2025-05-18 23:43:55.583,0,53,0,53,1,0,0,0,SOLUSDT
2025-05-18 23:43:55.683,0,60,0,61,1,0,0,0,SOLUSDT
2025-05-18 23:43:55.784,0,188,0,189,1,0,0,0,SOLUSDT
2025-05-18 23:43:55.883,0,36,0,37,1,0,0,0,SOLUSDT
2025-05-18 23:43:55.983,0,87,0,88,1,0,0,0,SOLUSDT
2025-05-18 23:43:56.083,0,34,0,34,1,0,0,0,SOLUSDT
2025-05-18 23:43:56.183,0,65,0,66,1,0,0,0,SOLUSDT
2025-05-18 23:43:56.286,0,42,0,43,1,0,0,0,SOLUSDT
2025-05-18 23:43:56.383,0,38,0,38,1,0,0,0,SOLUSDT
2025-05-18 23:43:56.483,0,65,0,66,1,0,0,0,SOLUSDT
2025-05-18 23:43:56.583,0,34,0,34,1,0,0,0,SOLUSDT
2025-05-18 23:43:56.683,0,60,0,61,1,0,0,0,SOLUSDT
2025-05-18 23:43:56.783,0,31,0,31,1,0,0,0,SOLUSDT
2025-05-18 23:43:56.883,0,105,0,106,1,0,0,0,SOLUSDT
2025-05-18 23:43:56.983,0,32,0,33,1,0,0,0,SOLUSDT
2025-05-18 23:43:57.015,0,60,0,60,1,0,0,0,USDTARS
2025-05-18 23:43:57.083,0,59,0,60,1,0,0,0,SOLUSDT
2025-05-18 23:43:57.183,0,62,0,62,1,0,0,0,SOLUSDT
2025-05-18 23:43:57.284,0,55,0,55,1,0,0,0,SOLUSDT
2025-05-18 23:43:57.383,0,58,0,58,1,0,0,0,SOLUSDT
2025-05-18 23:43:57.483,0,13,0,13,1,0,0,0,SOLUSDT
2025-05-18 23:43:57.582,0,19,0,19,1,0,0,0,SOLUSDT
2025-05-18 23:43:57.685,0,42,0,43,1,0,0,0,SOLUSDT
2025-05-18 23:43:57.783,0,30,0,31,1,0,0,0,SOLUSDT
2025-05-18 23:43:57.885,0,48,0,49,1,0,0,0,SOLUSDT
2025-05-18 23:43:57.983,0,30,0,30,1,0,0,0,SOLUSDT
2025-05-18 23:43:58.085,0,63,0,63,1,0,0,0,SOLUSDT
2025-05-18 23:43:58.185,0,45,0,45,1,0,0,0,SOLUSDT
2025-05-18 23:43:58.286,0,55,0,56,1,0,0,0,SOLUSDT
2025-05-18 23:43:58.383,0,42,0,42,1,0,0,0,SOLUSDT
2025-05-18 23:43:58.483,0,56,0,57,1,0,0,0,SOLUSDT
2025-05-18 23:43:58.583,0,49,0,50,1,0,0,0,SOLUSDT
2025-05-18 23:43:58.685,0,60,0,60,1,0,0,0,SOLUSDT
2025-05-18 23:43:58.784,0,43,0,43,1,0,0,0,SOLUSDT
2025-05-18 23:43:58.883,0,53,0,53,1,0,0,0,SOLUSDT
2025-05-18 23:43:58.984,0,44,0,44,1,0,0,0,SOLUSDT
2025-05-18 23:43:59.086,0,55,0,55,1,0,0,0,SOLUSDT
2025-05-18 23:43:59.188,0,55,0,55,1,0,0,0,SOLUSDT
2025-05-18 23:43:59.284,0,32,0,32,1,0,0,0,SOLUSDT
2025-05-18 23:43:59.315,0,44,0,44,1,0,0,0,USDTARS
2025-05-18 23:43:59.385,0,89,0,89,1,0,0,0,SOLUSDT
2025-05-18 23:43:59.484,0,54,0,55,1,0,0,0,SOLUSDT
2025-05-18 23:43:59.582,0,31,0,31,1,0,0,0,SOLUSDT
2025-05-18 23:43:59.683,0,70,0,71,1,0,0,0,SOLUSDT
2025-05-18 23:43:59.785,0,49,0,51,1,0,0,0,SOLUSDT
2025-05-18 23:43:59.883,0,48,0,48,1,0,0,0,SOLUSDT
2025-05-18 23:43:59.983,0,59,0,60,1,0,0,0,SOLUSDT
2025-05-18 23:44:00.083,0,65,0,66,1,0,0,0,SOLUSDT
2025-05-18 23:44:00.185,0,80,0,81,1,0,0,0,SOLUSDT
2025-05-18 23:44:00.283,0,50,0,50,1,0,0,0,SOLUSDT
2025-05-18 23:44:00.383,0,53,0,54,1,0,0,0,SOLUSDT
2025-05-18 23:44:00.483,0,50,0,50,1,0,0,0,SOLUSDT
2025-05-18 23:44:00.683,0,59,0,60,1,0,0,0,SOLUSDT
2025-05-18 23:44:00.784,0,50,0,50,1,0,0,0,SOLUSDT
2025-05-18 23:44:00.883,0,42,0,42,1,0,0,0,SOLUSDT
2025-05-18 23:44:00.983,0,55,0,56,1,0,0,0,SOLUSDT
2025-05-18 23:44:01.082,0,29,0,29,1,0,0,0,SOLUSDT
2025-05-18 23:44:01.183,0,34,0,35,1,0,0,0,SOLUSDT
2025-05-18 23:44:01.283,0,36,0,37,1,0,0,0,SOLUSDT
2025-05-18 23:44:01.383,0,45,0,45,1,0,0,0,SOLUSDT
2025-05-18 23:44:01.483,0,46,0,46,1,0,0,0,SOLUSDT
2025-05-18 23:44:01.582,0,37,0,37,1,0,0,0,SOLUSDT
2025-05-18 23:44:01.682,0,18,0,18,1,0,0,0,SOLUSDT
2025-05-18 23:44:01.782,0,45,0,45,1,0,0,0,SOLUSDT
2025-05-18 23:44:01.883,0,54,0,55,1,0,0,0,SOLUSDT
2025-05-18 23:44:01.983,0,75,0,75,1,0,0,0,SOLUSDT
2025-05-18 23:44:02.083,0,63,0,64,1,0,0,0,SOLUSDT
2025-05-18 23:44:02.186,0,80,0,80,1,0,0,0,SOLUSDT
2025-05-18 23:44:02.283,0,43,0,44,1,0,0,0,SOLUSDT
2025-05-18 23:44:02.383,0,90,0,90,1,0,0,0,SOLUSDT
2025-05-18 23:44:02.483,0,66,0,67,1,0,0,0,SOLUSDT
2025-05-18 23:44:02.582,0,23,0,23,1,0,0,0,SOLUSDT
2025-05-18 23:44:02.683,0,23,0,23,1,0,0,0,SOLUSDT
2025-05-18 23:44:02.785,0,20,0,20,1,0,0,0,SOLUSDT
2025-05-18 23:44:02.882,0,23,0,23,1,0,0,0,SOLUSDT
2025-05-18 23:44:02.983,0,52,0,53,1,0,0,0,SOLUSDT
2025-05-18 23:44:03.083,0,51,0,51,1,0,0,0,SOLUSDT
2025-05-18 23:44:03.186,0,66,0,66,1,0,0,0,SOLUSDT
2025-05-18 23:44:03.284,0,61,0,62,1,0,0,0,SOLUSDT
2025-05-18 23:44:03.385,0,66,0,66,1,0,0,0,SOLUSDT
2025-05-18 23:44:03.483,0,39,0,40,1,0,0,0,SOLUSDT
2025-05-18 23:44:03.583,0,97,0,98,1,0,0,0,SOLUSDT
2025-05-18 23:44:03.683,0,46,0,47,1,0,0,0,SOLUSDT
2025-05-18 23:44:03.784,0,76,0,76,1,0,0,0,SOLUSDT
2025-05-18 23:44:03.882,0,35,0,36,1,0,0,0,SOLUSDT
2025-05-18 23:44:03.983,0,89,0,90,1,0,0,0,SOLUSDT
2025-05-18 23:44:04.090,0,84,0,84,1,0,0,0,SOLUSDT
2025-05-18 23:44:04.190,0,75,0,75,1,0,0,0,SOLUSDT
2025-05-18 23:44:04.284,0,51,0,52,1,0,0,0,SOLUSDT
2025-05-18 23:44:04.393,0,51,0,52,1,0,0,0,SOLUSDT
2025-05-18 23:44:04.483,0,44,0,44,1,0,0,0,SOLUSDT
2025-05-18 23:44:04.597,0,76,0,76,1,0,0,0,SOLUSDT
2025-05-18 23:44:04.691,0,39,0,39,1,0,0,0,SOLUSDT
2025-05-18 23:44:04.796,0,66,0,66,1,0,0,0,SOLUSDT
2025-05-18 23:44:04.883,0,54,0,54,1,0,0,0,SOLUSDT
2025-05-18 23:44:04.983,0,63,0,63,1,0,0,0,SOLUSDT
2025-05-18 23:44:05.083,0,98,0,99,1,0,0,0,SOLUSDT
2025-05-18 23:44:05.184,0,62,0,63,1,0,0,0,SOLUSDT
2025-05-18 23:44:05.283,0,53,0,53,1,0,0,0,SOLUSDT
2025-05-18 23:44:05.315,0,45,0,46,1,0,0,0,USDTARS
2025-05-18 23:44:05.383,0,79,0,79,1,0,0,0,SOLUSDT
2025-05-18 23:44:05.483,0,57,0,57,1,0,0,0,SOLUSDT
2025-05-18 23:44:05.583,0,62,0,63,1,0,0,0,SOLUSDT
2025-05-18 23:44:05.683,0,32,0,33,1,0,0,0,SOLUSDT
2025-05-18 23:44:05.784,0,69,0,70,1,0,0,0,SOLUSDT
2025-05-18 23:44:05.887,0,42,0,42,1,0,0,0,SOLUSDT
2025-05-18 23:44:05.993,0,32,0,32,1,0,0,0,SOLUSDT
2025-05-18 23:44:06.086,0,58,0,59,1,0,0,0,SOLUSDT
2025-05-18 23:44:06.184,0,62,0,62,1,0,0,0,SOLUSDT
2025-05-18 23:44:06.282,0,62,0,62,1,0,0,0,SOLUSDT
2025-05-18 23:44:06.384,0,180,0,180,1,0,0,0,SOLUSDT
2025-05-18 23:44:06.484,0,41,0,41,1,0,0,0,SOLUSDT
2025-05-18 23:44:06.582,0,34,0,35,1,0,0,0,SOLUSDT
2025-05-18 23:44:06.682,0,66,0,66,1,0,0,0,SOLUSDT
2025-05-18 23:44:06.784,0,36,0,36,1,0,0,0,SOLUSDT
2025-05-18 23:44:06.883,0,47,0,48,1,0,0,0,SOLUSDT
2025-05-18 23:44:06.983,0,66,0,67,1,0,0,0,SOLUSDT
2025-05-18 23:44:07.083,0,47,0,47,1,0,0,0,SOLUSDT
2025-05-18 23:44:07.183,0,56,0,56,1,0,0,0,SOLUSDT
2025-05-18 23:44:07.283,0,60,0,60,1,0,0,0,SOLUSDT
2025-05-18 23:44:07.383,0,57,0,57,1,0,0,0,SOLUSDT
2025-05-18 23:44:07.482,0,12,0,12,1,0,0,0,SOLUSDT
2025-05-18 23:44:07.582,0,18,0,18,1,0,0,0,SOLUSDT
2025-05-18 23:44:07.684,0,24,0,24,1,0,0,0,SOLUSDT
2025-05-18 23:44:07.883,0,58,0,59,1,0,0,0,SOLUSDT
2025-05-18 23:44:07.983,0,52,0,52,1,0,0,0,SOLUSDT
2025-05-18 23:44:08.082,0,32,0,32,1,0,0,0,SOLUSDT
2025-05-18 23:44:08.182,0,26,0,26,1,0,0,0,SOLUSDT
2025-05-18 23:44:08.284,0,63,0,64,1,0,0,0,SOLUSDT
2025-05-18 23:44:08.382,0,37,0,37,1,0,0,0,SOLUSDT
2025-05-18 23:44:08.485,0,84,0,85,1,0,0,0,SOLUSDT
2025-05-18 23:44:08.583,0,41,0,42,1,0,0,0,SOLUSDT
2025-05-18 23:44:08.688,0,209,0,210,1,0,0,0,SOLUSDT
2025-05-18 23:44:08.783,0,38,0,39,1,0,0,0,SOLUSDT
2025-05-18 23:44:08.883,0,73,0,74,1,0,0,0,SOLUSDT
2025-05-18 23:44:08.986,0,66,0,67,1,0,0,0,SOLUSDT
2025-05-18 23:44:09.084,0,46,0,47,1,0,0,0,SOLUSDT
2025-05-18 23:44:09.183,0,62,0,63,1,0,0,0,SOLUSDT
2025-05-18 23:44:09.283,0,61,0,61,1,0,0,0,SOLUSDT
2025-05-18 23:44:09.386,0,50,0,50,1,0,0,0,SOLUSDT
2025-05-18 23:44:09.415,0,67,0,68,1,0,0,0,USDTARS
2025-05-18 23:44:09.483,0,60,0,61,1,0,0,0,SOLUSDT
2025-05-18 23:44:09.583,0,80,0,81,1,0,0,0,SOLUSDT
2025-05-18 23:44:09.684,0,60,0,60,1,0,0,0,SOLUSDT
2025-05-18 23:44:09.783,0,39,0,39,1,0,0,0,SOLUSDT
2025-05-18 23:44:09.883,0,60,0,61,1,0,0,0,SOLUSDT
2025-05-18 23:44:10.083,0,55,0,55,1,0,0,0,SOLUSDT
2025-05-18 23:44:10.183,0,73,0,73,1,0,0,0,SOLUSDT
2025-05-18 23:44:10.282,0,24,0,24,1,0,0,0,SOLUSDT
2025-05-18 23:44:10.383,0,63,0,63,1,0,0,0,SOLUSDT
2025-05-18 23:44:10.483,0,58,0,59,1,0,0,0,SOLUSDT
2025-05-18 23:44:10.584,0,53,0,53,1,0,0,0,SOLUSDT
2025-05-18 23:44:10.685,0,153,0,153,1,0,0,0,SOLUSDT
2025-05-18 23:44:10.783,0,30,0,30,1,0,0,0,SOLUSDT
2025-05-18 23:44:10.883,0,94,0,94,1,0,0,0,SOLUSDT
2025-05-18 23:44:10.983,0,35,0,36,1,0,0,0,SOLUSDT
2025-05-18 23:44:11.084,0,87,0,87,1,0,0,0,SOLUSDT
2025-05-18 23:44:11.183,0,45,0,45,1,0,0,0,SOLUSDT
2025-05-18 23:44:11.283,0,58,0,59,1,0,0,0,SOLUSDT
2025-05-18 23:44:11.315,0,22,0,23,1,0,0,0,USDTARS
2025-05-18 23:44:11.383,0,104,0,105,1,0,0,0,SOLUSDT
2025-05-18 23:44:11.485,0,100,0,101,1,0,0,0,SOLUSDT
2025-05-18 23:44:11.586,0,55,0,56,1,0,0,0,SOLUSDT
2025-05-18 23:44:11.683,0,38,0,38,1,0,0,0,SOLUSDT
2025-05-18 23:44:11.783,0,46,0,46,1,0,0,0,SOLUSDT
2025-05-18 23:44:11.883,0,48,0,48,1,0,0,0,SOLUSDT
2025-05-18 23:44:11.985,0,59,0,60,1,0,0,0,SOLUSDT
2025-05-18 23:44:12.083,0,46,0,46,1,0,0,0,SOLUSDT
2025-05-18 23:44:12.184,0,100,0,101,1,0,0,0,SOLUSDT
2025-05-18 23:44:12.283,0,34,0,34,1,0,0,0,SOLUSDT
2025-05-18 23:44:12.383,0,37,0,37,1,0,0,0,SOLUSDT
2025-05-18 23:44:12.584,0,16,0,16,1,0,0,0,SOLUSDT
2025-05-18 23:44:12.686,0,25,0,25,1,0,0,0,SOLUSDT
2025-05-18 23:44:12.725,0,16,0,16,1,0,0,0,USDTARS
2025-05-18 23:44:12.784,0,41,0,42,1,0,0,0,SOLUSDT
2025-05-18 23:44:12.883,0,73,0,73,1,0,0,0,SOLUSDT
2025-05-18 23:44:12.985,0,215,0,216,1,0,0,0,SOLUSDT
2025-05-18 23:44:13.083,0,49,0,49,1,0,0,0,SOLUSDT
2025-05-18 23:44:13.183,0,29,0,29,1,0,0,0,SOLUSDT
2025-05-18 23:44:13.283,0,64,0,64,1,0,0,0,SOLUSDT
2025-05-18 23:44:13.384,0,65,0,65,1,0,0,0,SOLUSDT
2025-05-18 23:44:13.486,0,91,0,92,1,0,0,0,SOLUSDT
2025-05-18 23:44:13.584,0,67,0,68,1,0,0,0,SOLUSDT
2025-05-18 23:44:13.686,0,69,0,69,1,0,0,0,SOLUSDT
2025-05-18 23:44:13.785,0,33,0,33,1,0,0,0,SOLUSDT
2025-05-18 23:44:13.883,0,41,0,41,1,0,0,0,SOLUSDT
2025-05-18 23:44:13.982,0,14,0,14,1,0,0,0,SOLUSDT
2025-05-18 23:44:14.086,0,48,0,48,1,0,0,0,SOLUSDT
2025-05-18 23:44:14.184,0,56,0,57,1,0,0,0,SOLUSDT
2025-05-18 23:44:14.286,0,86,0,87,1,0,0,0,SOLUSDT
2025-05-18 23:44:14.384,0,45,0,45,1,0,0,0,SOLUSDT
2025-05-18 23:44:14.482,0,26,0,26,1,0,0,0,SOLUSDT
2025-05-18 23:44:14.583,0,42,0,42,1,0,0,0,SOLUSDT
2025-05-18 23:44:14.686,0,53,0,53,1,0,0,0,SOLUSDT
2025-05-18 23:44:14.786,0,67,0,68,1,0,0,0,SOLUSDT
2025-05-18 23:44:14.883,0,48,0,49,1,0,0,0,SOLUSDT
2025-05-18 23:44:14.982,0,18,0,19,1,0,0,0,SOLUSDT
2025-05-18 23:44:15.082,0,10,0,10,1,0,0,0,SOLUSDT
2025-05-18 23:44:15.182,0,24,0,24,1,0,0,0,SOLUSDT
2025-05-18 23:44:15.283,0,51,0,51,1,0,0,0,SOLUSDT
2025-05-18 23:44:15.382,0,14,0,14,1,0,0,0,SOLUSDT
2025-05-18 23:44:15.482,0,29,0,29,1,0,0,0,SOLUSDT
2025-05-18 23:44:15.582,0,13,0,13,1,0,0,0,SOLUSDT
2025-05-18 23:44:15.683,0,247,0,247,1,0,0,0,SOLUSDT
2025-05-18 23:44:15.785,0,75,0,75,1,0,0,0,SOLUSDT
2025-05-18 23:44:15.883,0,58,0,59,1,0,0,0,SOLUSDT
2025-05-18 23:44:15.982,0,14,0,14,1,0,0,0,SOLUSDT
2025-05-18 23:44:16.082,0,21,0,21,1,0,0,0,SOLUSDT
2025-05-18 23:44:16.183,0,35,0,35,1,0,0,0,SOLUSDT
2025-05-18 23:44:16.283,0,62,0,63,1,0,0,0,SOLUSDT
2025-05-18 23:44:16.383,0,65,0,65,1,0,0,0,SOLUSDT
2025-05-18 23:44:16.486,0,131,0,132,1,0,0,0,SOLUSDT
2025-05-18 23:44:16.583,0,53,0,53,1,0,0,0,SOLUSDT
2025-05-18 23:44:16.682,0,29,0,29,1,0,0,0,SOLUSDT
2025-05-18 23:44:16.783,0,55,0,55,1,0,0,0,SOLUSDT
2025-05-18 23:44:16.885,0,72,0,73,1,0,0,0,SOLUSDT
2025-05-18 23:44:16.983,0,46,0,46,1,0,0,0,SOLUSDT
2025-05-18 23:44:17.082,0,80,0,81,1,0,0,0,SOLUSDT
2025-05-18 23:44:17.183,0,77,0,78,1,0,0,0,SOLUSDT
2025-05-18 23:44:17.282,0,52,0,53,1,0,0,0,SOLUSDT
2025-05-18 23:44:17.316,0,51,0,51,1,0,0,0,USDTARS
2025-05-18 23:44:17.383,0,61,0,62,1,0,0,0,SOLUSDT
2025-05-18 23:44:17.416,0,68,0,68,1,0,0,0,USDTARS
2025-05-18 23:44:17.482,0,56,0,56,1,0,0,0,SOLUSDT
2025-05-18 23:44:17.582,0,19,0,19,1,0,0,0,SOLUSDT
2025-05-18 23:44:17.683,0,23,0,23,1,0,0,0,SOLUSDT
2025-05-18 23:44:17.783,0,37,0,37,1,0,0,0,SOLUSDT
2025-05-18 23:44:17.883,0,97,0,97,1,0,0,0,SOLUSDT
2025-05-18 23:44:17.983,0,38,0,38,1,0,0,0,SOLUSDT
2025-05-18 23:44:18.183,0,91,0,92,1,0,0,0,SOLUSDT
2025-05-18 23:44:18.283,0,67,0,68,1,0,0,0,SOLUSDT
2025-05-18 23:44:18.383,0,57,0,58,1,0,0,0,SOLUSDT
2025-05-18 23:44:18.483,0,58,0,58,1,0,0,0,SOLUSDT
2025-05-18 23:44:18.583,0,54,0,54,1,0,0,0,SOLUSDT
2025-05-18 23:44:18.683,0,54,0,55,1,0,0,0,SOLUSDT
2025-05-18 23:44:18.782,0,13,0,13,1,0,0,0,SOLUSDT
2025-05-18 23:44:18.882,0,26,0,26,1,0,0,0,SOLUSDT
2025-05-18 23:44:18.985,0,42,0,42,1,0,0,0,SOLUSDT
2025-05-18 23:44:19.083,0,58,0,58,1,0,0,0,SOLUSDT
2025-05-18 23:44:19.184,0,65,0,65,1,0,0,0,SOLUSDT
2025-05-18 23:44:19.286,0,58,0,59,1,0,0,0,SOLUSDT
2025-05-18 23:44:19.383,0,49,0,50,1,0,0,0,SOLUSDT
2025-05-18 23:44:19.482,0,36,0,36,1,0,0,0,SOLUSDT
2025-05-18 23:44:19.582,0,39,0,39,1,0,0,0,SOLUSDT
2025-05-18 23:44:19.683,0,78,0,78,1,0,0,0,SOLUSDT
2025-05-18 23:44:19.783,0,25,0,25,1,0,0,0,SOLUSDT
2025-05-18 23:44:19.884,0,68,0,68,1,0,0,0,SOLUSDT
2025-05-18 23:44:19.987,0,79,0,80,1,0,0,0,SOLUSDT
2025-05-18 23:44:20.083,0,52,0,52,1,0,0,0,SOLUSDT
2025-05-18 23:44:20.183,0,75,0,76,1,0,0,0,SOLUSDT
2025-05-18 23:44:20.285,0,76,0,77,1,0,0,0,SOLUSDT
2025-05-18 23:44:20.408,0,60,0,61,1,0,0,0,SOLUSDT
2025-05-18 23:44:20.485,0,34,0,35,1,0,0,0,SOLUSDT
2025-05-18 23:44:20.584,0,51,0,51,1,0,0,0,SOLUSDT
2025-05-18 23:44:20.683,0,38,0,38,1,0,0,0,SOLUSDT
2025-05-18 23:44:20.784,0,48,0,49,1,0,0,0,SOLUSDT
2025-05-18 23:44:20.884,0,67,0,67,1,0,0,0,SOLUSDT
2025-05-18 23:44:20.982,0,25,0,25,1,0,0,0,SOLUSDT
2025-05-18 23:44:21.084,0,36,0,36,1,0,0,0,SOLUSDT
2025-05-18 23:44:21.182,0,33,0,34,1,0,0,0,SOLUSDT
2025-05-18 23:44:21.283,0,66,0,66,1,0,0,0,SOLUSDT
2025-05-18 23:44:21.383,0,32,0,33,1,0,0,0,SOLUSDT
2025-05-18 23:44:21.484,0,63,0,63,1,0,0,0,SOLUSDT
2025-05-18 23:44:21.582,0,28,0,28,1,0,0,0,SOLUSDT
2025-05-18 23:44:21.684,0,56,0,57,1,0,0,0,SOLUSDT
2025-05-18 23:44:21.786,0,33,0,33,1,0,0,0,SOLUSDT
2025-05-18 23:44:21.883,0,38,0,39,1,0,0,0,SOLUSDT
2025-05-18 23:44:21.990,0,56,0,56,1,0,0,0,SOLUSDT
2025-05-18 23:44:22.083,0,61,0,62,1,0,0,0,SOLUSDT
2025-05-18 23:44:22.187,0,68,0,68,1,0,0,0,SOLUSDT
2025-05-18 23:44:22.289,0,84,0,84,1,0,0,0,SOLUSDT
2025-05-18 23:44:22.383,0,40,0,41,1,0,0,0,SOLUSDT
2025-05-18 23:44:22.483,0,46,0,46,1,0,0,0,SOLUSDT
2025-05-18 23:44:22.583,0,19,0,19,1,0,0,0,SOLUSDT
2025-05-18 23:44:22.685,0,22,0,22,1,0,0,0,SOLUSDT
2025-05-18 23:44:22.783,0,38,0,39,1,0,0,0,SOLUSDT
2025-05-18 23:44:22.883,0,91,0,92,1,0,0,0,SOLUSDT
2025-05-18 23:44:22.983,0,79,0,80,1,0,0,0,SOLUSDT
2025-05-18 23:44:23.082,0,17,0,17,1,0,0,0,SOLUSDT
2025-05-18 23:44:23.183,0,47,0,48,1,0,0,0,SOLUSDT
2025-05-18 23:44:23.283,0,49,0,49,1,0,0,0,SOLUSDT
2025-05-18 23:44:23.383,0,57,0,57,1,0,0,0,SOLUSDT
2025-05-18 23:44:23.415,0,35,0,35,1,0,0,0,USDTARS
2025-05-18 23:44:23.485,0,73,0,73,1,0,0,0,SOLUSDT
2025-05-18 23:44:23.583,0,48,0,49,1,0,0,0,SOLUSDT
2025-05-18 23:44:23.615,0,36,0,36,1,0,0,0,USDTARS
2025-05-18 23:44:23.684,0,79,0,80,1,0,0,0,SOLUSDT
2025-05-18 23:44:23.784,0,54,0,55,1,0,0,0,SOLUSDT
2025-05-18 23:44:23.884,0,98,0,98,1,0,0,0,SOLUSDT
2025-05-18 23:44:23.983,0,62,0,63,1,0,0,0,SOLUSDT
2025-05-18 23:44:24.083,0,79,0,79,1,0,0,0,SOLUSDT
2025-05-18 23:44:24.183,0,62,0,63,1,0,0,0,SOLUSDT
2025-05-18 23:44:24.283,0,74,0,75,1,0,0,0,SOLUSDT
2025-05-18 23:44:24.383,0,42,0,42,1,0,0,0,SOLUSDT
2025-05-18 23:44:24.415,0,44,0,45,1,0,0,0,USDTARS
2025-05-18 23:44:24.483,0,92,0,93,1,0,0,0,SOLUSDT
2025-05-18 23:44:24.515,0,60,0,60,1,0,0,0,USDTARS
2025-05-18 23:44:24.583,0,43,0,43,1,0,0,0,SOLUSDT
2025-05-18 23:44:24.689,0,63,0,64,1,0,0,0,SOLUSDT
2025-05-18 23:44:24.783,0,50,0,51,1,0,0,0,SOLUSDT
2025-05-18 23:44:24.883,0,66,0,67,1,0,0,0,SOLUSDT
2025-05-18 23:44:24.983,0,45,0,46,1,0,0,0,SOLUSDT
2025-05-18 23:44:25.083,0,112,0,112,1,0,0,0,SOLUSDT
2025-05-18 23:44:25.183,0,47,0,47,1,0,0,0,SOLUSDT
2025-05-18 23:44:25.284,0,34,0,34,1,0,0,0,SOLUSDT
2025-05-18 23:44:25.394,0,61,0,61,1,0,0,0,SOLUSDT
2025-05-18 23:44:25.484,0,53,0,53,1,0,0,0,SOLUSDT
2025-05-18 23:44:25.583,0,74,0,74,1,0,0,0,SOLUSDT
2025-05-18 23:44:25.685,0,64,0,64,1,0,0,0,SOLUSDT
2025-05-18 23:44:25.783,0,51,0,52,1,0,0,0,SOLUSDT
2025-05-18 23:44:25.883,0,68,0,68,1,0,0,0,SOLUSDT
2025-05-18 23:44:25.983,0,48,0,48,1,0,0,0,SOLUSDT
2025-05-18 23:44:26.083,0,62,0,62,1,0,0,0,SOLUSDT
2025-05-18 23:44:26.183,0,37,0,37,1,0,0,0,SOLUSDT
2025-05-18 23:44:26.283,0,19,0,19,1,0,0,0,SOLUSDT
2025-05-18 23:44:26.382,0,15,0,15,1,0,0,0,SOLUSDT
2025-05-18 23:44:26.483,0,58,0,59,1,0,0,0,SOLUSDT
2025-05-18 23:44:26.583,0,66,0,67,1,0,0,0,SOLUSDT
2025-05-18 23:44:26.683,0,54,0,55,1,0,0,0,SOLUSDT
2025-05-18 23:44:26.783,0,46,0,46,1,0,0,0,SOLUSDT
2025-05-18 23:44:26.883,0,59,0,59,1,0,0,0,SOLUSDT
2025-05-18 23:44:26.983,0,36,0,36,1,0,0,0,SOLUSDT
2025-05-18 23:44:27.083,0,59,0,59,1,0,0,0,SOLUSDT
2025-05-18 23:44:27.183,0,46,0,47,1,0,0,0,SOLUSDT
2025-05-18 23:44:27.287,0,63,0,64,1,0,0,0,SOLUSDT
2025-05-18 23:44:27.382,0,12,0,12,1,0,0,0,SOLUSDT
2025-05-18 23:44:27.483,0,16,0,16,1,0,0,0,SOLUSDT
2025-05-18 23:44:27.585,0,39,0,39,1,0,0,0,SOLUSDT
2025-05-18 23:44:27.683,0,28,0,28,1,0,0,0,SOLUSDT
2025-05-18 23:44:27.785,0,47,0,47,1,0,0,0,SOLUSDT
2025-05-18 23:44:27.814,0,20,0,21,1,0,0,0,USDTARS
2025-05-18 23:44:27.883,0,49,0,49,1,0,0,0,SOLUSDT
2025-05-18 23:44:27.983,0,121,0,122,1,0,0,0,SOLUSDT
2025-05-18 23:44:28.083,0,57,0,57,1,0,0,0,SOLUSDT
2025-05-18 23:44:28.183,0,54,0,55,1,0,0,0,SOLUSDT
2025-05-18 23:44:28.284,0,47,0,48,1,0,0,0,SOLUSDT
2025-05-18 23:44:28.384,0,61,0,61,1,0,0,0,SOLUSDT
2025-05-18 23:44:28.483,0,54,0,54,1,0,0,0,SOLUSDT
2025-05-18 23:44:28.584,0,91,0,92,1,0,0,0,SOLUSDT
2025-05-18 23:44:28.683,0,58,0,58,1,0,0,0,SOLUSDT
2025-05-18 23:44:28.784,0,47,0,48,1,0,0,0,SOLUSDT
2025-05-18 23:44:28.887,0,95,0,96,1,0,0,0,SOLUSDT
2025-05-18 23:44:28.984,0,58,0,58,1,0,0,0,SOLUSDT
2025-05-18 23:44:29.083,0,82,0,83,1,0,0,0,SOLUSDT
2025-05-18 23:44:29.184,0,61,0,61,1,0,0,0,SOLUSDT
2025-05-18 23:44:29.283,0,46,0,47,1,0,0,0,SOLUSDT
2025-05-18 23:44:29.386,0,93,0,94,1,0,0,0,SOLUSDT
2025-05-18 23:44:29.415,0,37,0,38,1,0,0,0,USDTARS
2025-05-18 23:44:29.482,0,13,0,14,1,0,0,0,SOLUSDT
2025-05-18 23:44:29.583,0,92,0,93,1,0,0,0,SOLUSDT
2025-05-18 23:44:29.683,0,83,0,84,1,0,0,0,SOLUSDT
2025-05-18 23:44:29.785,0,51,0,51,1,0,0,0,SOLUSDT
2025-05-18 23:44:29.884,0,36,0,37,1,0,0,0,SOLUSDT
2025-05-18 23:44:29.983,0,62,0,63,1,0,0,0,SOLUSDT
2025-05-18 23:44:30.083,0,59,0,59,1,0,0,0,SOLUSDT
2025-05-18 23:44:30.184,0,87,0,87,1,0,0,0,SOLUSDT
2025-05-18 23:44:30.283,0,60,0,61,1,0,0,0,SOLUSDT
2025-05-18 23:44:30.386,0,66,0,66,1,0,0,0,SOLUSDT
2025-05-18 23:44:30.483,0,38,0,38,1,0,0,0,SOLUSDT
2025-05-18 23:44:30.583,0,71,0,71,1,0,0,0,SOLUSDT
2025-05-18 23:44:30.683,0,53,0,54,1,0,0,0,SOLUSDT
2025-05-18 23:44:30.783,0,45,0,45,1,0,0,0,SOLUSDT
2025-05-18 23:44:30.883,0,48,0,49,1,0,0,0,SOLUSDT
2025-05-18 23:44:30.983,0,68,0,69,1,0,0,0,SOLUSDT
2025-05-18 23:44:31.083,0,37,0,37,1,0,0,0,SOLUSDT
2025-05-18 23:44:31.283,0,77,0,78,1,0,0,0,SOLUSDT
2025-05-18 23:44:31.382,0,33,0,34,1,0,0,0,SOLUSDT
2025-05-18 23:44:31.484,0,68,0,68,1,0,0,0,SOLUSDT
2025-05-18 23:44:31.582,0,29,0,29,1,0,0,0,SOLUSDT
2025-05-18 23:44:31.682,0,31,0,31,1,0,0,0,SOLUSDT
2025-05-18 23:44:31.788,0,204,0,205,1,0,0,0,SOLUSDT
2025-05-18 23:44:31.887,0,54,0,55,1,0,0,0,SOLUSDT
2025-05-18 23:44:31.984,0,266,0,266,1,0,0,0,SOLUSDT
2025-05-18 23:44:32.083,0,49,0,50,1,0,0,0,SOLUSDT
2025-05-18 23:44:32.185,0,70,0,70,1,0,0,0,SOLUSDT
2025-05-18 23:44:32.283,0,71,0,72,1,0,0,0,SOLUSDT
2025-05-18 23:44:32.383,0,58,0,58,1,0,0,0,SOLUSDT
2025-05-18 23:44:32.486,0,60,0,60,1,0,0,0,SOLUSDT
2025-05-18 23:44:32.582,0,15,0,15,1,0,0,0,SOLUSDT
2025-05-18 23:44:32.682,0,35,0,35,1,0,0,0,SOLUSDT
2025-05-18 23:44:32.783,0,37,0,37,1,0,0,0,SOLUSDT
2025-05-18 23:44:32.883,0,56,0,56,1,0,0,0,SOLUSDT
2025-05-18 23:44:32.983,0,75,0,75,1,0,0,0,SOLUSDT
2025-05-18 23:44:33.083,0,64,0,65,1,0,0,0,SOLUSDT
2025-05-18 23:44:33.183,0,50,0,51,1,0,0,0,SOLUSDT
2025-05-18 23:44:33.214,0,23,0,23,1,0,0,0,USDTARS
2025-05-18 23:44:33.286,0,304,0,305,1,0,0,0,SOLUSDT
2025-05-18 23:44:33.384,0,83,0,83,1,0,0,0,SOLUSDT
2025-05-18 23:44:33.418,0,64,0,64,1,0,0,0,USDTARS
2025-05-18 23:44:33.483,0,82,0,82,1,0,0,0,SOLUSDT
2025-05-18 23:44:33.583,0,35,0,36,1,0,0,0,SOLUSDT
2025-05-18 23:44:33.683,0,85,0,86,1,0,0,0,SOLUSDT
2025-05-18 23:44:33.783,0,21,0,21,1,0,0,0,SOLUSDT
2025-05-18 23:44:33.883,0,54,0,54,1,0,0,0,SOLUSDT
2025-05-18 23:44:33.983,0,63,0,63,1,0,0,0,SOLUSDT
2025-05-18 23:44:34.084,0,76,0,77,1,0,0,0,SOLUSDT
2025-05-18 23:44:34.183,0,49,0,49,1,0,0,0,SOLUSDT
2025-05-18 23:44:34.283,0,44,0,45,1,0,0,0,SOLUSDT
2025-05-18 23:44:34.383,0,50,0,50,1,0,0,0,SOLUSDT
2025-05-18 23:44:34.483,0,69,0,69,1,0,0,0,SOLUSDT
2025-05-18 23:44:34.585,0,107,0,108,1,0,0,0,SOLUSDT
2025-05-18 23:44:34.683,0,64,0,65,1,0,0,0,SOLUSDT
2025-05-18 23:44:34.784,0,73,0,73,1,0,0,0,SOLUSDT
2025-05-18 23:44:34.883,0,56,0,56,1,0,0,0,SOLUSDT
2025-05-18 23:44:34.985,0,64,0,64,1,0,0,0,SOLUSDT
2025-05-18 23:44:35.083,0,53,0,53,1,0,0,0,SOLUSDT
2025-05-18 23:44:35.183,0,63,0,63,1,0,0,0,SOLUSDT
2025-05-18 23:44:35.283,0,75,0,76,1,0,0,0,SOLUSDT
2025-05-18 23:44:35.383,0,43,0,43,1,0,0,0,SOLUSDT
2025-05-18 23:44:35.415,0,47,0,47,1,0,0,0,USDTARS
2025-05-18 23:44:35.484,0,63,0,63,1,0,0,0,SOLUSDT
2025-05-18 23:44:35.583,0,86,0,86,1,0,0,0,SOLUSDT
2025-05-18 23:44:35.683,0,66,0,67,1,0,0,0,SOLUSDT
2025-05-18 23:44:35.783,0,36,0,37,1,0,0,0,SOLUSDT
2025-05-18 23:44:35.882,0,19,0,20,1,0,0,0,SOLUSDT
2025-05-18 23:44:35.983,0,52,0,52,1,0,0,0,SOLUSDT
2025-05-18 23:44:36.182,0,35,0,36,1,0,0,0,SOLUSDT
2025-05-18 23:44:36.284,0,37,0,38,1,0,0,0,SOLUSDT
2025-05-18 23:44:36.387,0,37,0,37,1,0,0,0,SOLUSDT
2025-05-18 23:44:36.482,0,52,0,52,1,0,0,0,SOLUSDT
2025-05-18 23:44:36.514,0,47,0,47,1,0,0,0,USDTARS
2025-05-18 23:44:36.583,0,42,0,42,1,0,0,0,SOLUSDT
2025-05-18 23:44:36.685,0,121,0,122,1,0,0,0,SOLUSDT
2025-05-18 23:44:36.784,0,60,0,61,1,0,0,0,SOLUSDT
2025-05-18 23:44:36.883,0,51,0,52,1,0,0,0,SOLUSDT
2025-05-18 23:44:36.983,0,105,0,106,1,0,0,0,SOLUSDT
2025-05-18 23:44:37.083,0,62,0,62,1,0,0,0,SOLUSDT
2025-05-18 23:44:37.183,0,69,0,70,1,0,0,0,SOLUSDT
2025-05-18 23:44:37.282,0,35,0,35,1,0,0,0,SOLUSDT
2025-05-18 23:44:37.383,0,87,0,88,1,0,0,0,SOLUSDT
2025-05-18 23:44:37.483,0,68,0,68,1,0,0,0,SOLUSDT
2025-05-18 23:44:37.585,0,22,0,22,1,0,0,0,SOLUSDT
2025-05-18 23:44:37.683,0,24,0,24,1,0,0,0,SOLUSDT
2025-05-18 23:44:37.786,0,74,0,74,1,0,0,0,SOLUSDT
2025-05-18 23:44:37.826,0,24,0,24,1,0,0,0,USDTARS
2025-05-18 23:44:37.893,0,60,0,61,1,0,0,0,SOLUSDT
2025-05-18 23:44:37.997,0,29,0,29,1,0,0,0,SOLUSDT
2025-05-18 23:44:38.099,0,37,0,37,1,0,0,0,SOLUSDT
2025-05-18 23:44:38.192,0,42,0,42,1,0,0,0,SOLUSDT
2025-05-18 23:44:38.293,0,84,0,85,1,0,0,0,SOLUSDT
2025-05-18 23:44:38.397,0,13,0,13,1,0,0,0,SOLUSDT
2025-05-18 23:44:38.495,0,28,0,29,1,0,0,0,SOLUSDT
2025-05-18 23:44:38.595,0,105,0,105,1,0,0,0,SOLUSDT
2025-05-18 23:44:38.683,0,43,0,44,1,0,0,0,SOLUSDT
2025-05-18 23:44:38.783,0,47,0,48,1,0,0,0,SOLUSDT
2025-05-18 23:44:38.882,0,35,0,36,1,0,0,0,SOLUSDT
2025-05-18 23:44:38.983,0,59,0,59,1,0,0,0,SOLUSDT
2025-05-18 23:44:39.083,0,62,0,63,1,0,0,0,SOLUSDT
2025-05-18 23:44:39.183,0,54,0,55,1,0,0,0,SOLUSDT
2025-05-18 23:44:39.284,0,56,0,56,1,0,0,0,SOLUSDT
2025-05-18 23:44:39.383,0,49,0,50,1,0,0,0,SOLUSDT
2025-05-18 23:44:39.414,0,46,0,47,1,0,0,0,USDTARS
2025-05-18 23:44:39.483,0,76,0,77,1,0,0,0,SOLUSDT
2025-05-18 23:44:39.583,0,48,0,48,1,0,0,0,SOLUSDT
2025-05-18 23:44:39.683,0,65,0,66,1,0,0,0,SOLUSDT
2025-05-18 23:44:39.784,0,44,0,44,1,0,0,0,SOLUSDT
2025-05-18 23:44:39.883,0,41,0,41,1,0,0,0,SOLUSDT
2025-05-18 23:44:39.984,0,73,0,73,1,0,0,0,SOLUSDT
2025-05-18 23:44:40.083,0,49,0,49,1,0,0,0,SOLUSDT
2025-05-18 23:44:40.182,0,17,0,17,1,0,0,0,SOLUSDT
2025-05-18 23:44:40.284,0,68,0,68,1,0,0,0,SOLUSDT
2025-05-18 23:44:40.383,0,53,0,54,1,0,0,0,SOLUSDT
2025-05-18 23:44:40.483,0,59,0,60,1,0,0,0,SOLUSDT
2025-05-18 23:44:40.591,0,257,0,258,1,0,0,0,SOLUSDT
2025-05-18 23:44:40.683,0,44,0,45,1,0,0,0,SOLUSDT
2025-05-18 23:44:40.783,0,32,0,32,1,0,0,0,SOLUSDT
2025-05-18 23:44:40.884,0,63,0,64,1,0,0,0,SOLUSDT
2025-05-18 23:44:40.985,0,77,0,78,1,0,0,0,SOLUSDT
2025-05-18 23:44:41.083,0,48,0,48,1,0,0,0,SOLUSDT
2025-05-18 23:44:41.183,0,72,0,72,1,0,0,0,SOLUSDT
2025-05-18 23:44:41.283,0,186,0,186,1,0,0,0,SOLUSDT
2025-05-18 23:44:41.383,0,70,0,71,1,0,0,0,SOLUSDT
2025-05-18 23:44:41.414,0,25,0,25,1,0,0,0,USDTARS
2025-05-18 23:44:41.482,0,16,0,16,1,0,0,0,SOLUSDT
2025-05-18 23:44:41.584,0,32,0,32,1,0,0,0,SOLUSDT
2025-05-18 23:44:41.686,0,99,0,99,1,0,0,0,SOLUSDT
2025-05-18 23:44:41.784,0,37,0,37,1,0,0,0,SOLUSDT
2025-05-18 23:44:41.883,0,54,0,54,1,0,0,0,SOLUSDT
2025-05-18 23:44:41.916,0,39,0,39,1,0,0,0,USDTARS
2025-05-18 23:44:41.983,0,70,0,70,1,0,0,0,SOLUSDT
2025-05-18 23:44:42.083,0,71,0,71,1,0,0,0,SOLUSDT
2025-05-18 23:44:42.116,0,46,0,47,1,0,0,0,USDTARS
2025-05-18 23:44:42.184,0,60,0,60,1,0,0,0,SOLUSDT
2025-05-18 23:44:42.283,0,49,0,49,1,0,0,0,SOLUSDT
2025-05-18 23:44:42.383,0,34,0,34,1,0,0,0,SOLUSDT
2025-05-18 23:44:42.483,0,41,0,41,1,0,0,0,SOLUSDT
2025-05-18 23:44:42.582,0,21,0,22,1,0,0,0,SOLUSDT
2025-05-18 23:44:42.683,0,22,0,22,1,0,0,0,SOLUSDT
2025-05-18 23:44:42.783,0,32,0,33,1,0,0,0,SOLUSDT
2025-05-18 23:44:42.883,0,41,0,42,1,0,0,0,SOLUSDT
2025-05-18 23:44:43.084,0,83,0,83,1,0,0,0,SOLUSDT
2025-05-18 23:44:43.183,0,26,0,26,1,0,0,0,SOLUSDT
2025-05-18 23:44:43.284,0,95,0,96,1,0,0,0,SOLUSDT
2025-05-18 23:44:43.383,0,56,0,56,1,0,0,0,SOLUSDT
2025-05-18 23:44:43.483,0,65,0,66,1,0,0,0,SOLUSDT
2025-05-18 23:44:43.583,0,49,0,49,1,0,0,0,SOLUSDT
2025-05-18 23:44:43.683,0,54,0,54,1,0,0,0,SOLUSDT
2025-05-18 23:44:43.783,0,31,0,31,1,0,0,0,SOLUSDT
2025-05-18 23:44:43.883,0,55,0,56,1,0,0,0,SOLUSDT
2025-05-18 23:44:44.083,0,65,0,66,1,0,0,0,SOLUSDT
2025-05-18 23:44:44.115,0,35,0,36,1,0,0,0,USDTARS
2025-05-18 23:44:44.183,0,45,0,46,1,0,0,0,SOLUSDT
2025-05-18 23:44:44.283,0,91,0,91,1,0,0,0,SOLUSDT
2025-05-18 23:44:44.383,0,53,0,54,1,0,0,0,SOLUSDT
2025-05-18 23:44:44.482,0,29,0,29,1,0,0,0,SOLUSDT
2025-05-18 23:44:44.585,0,56,0,56,1,0,0,0,SOLUSDT
2025-05-18 23:44:44.684,0,33,0,34,1,0,0,0,SOLUSDT
2025-05-18 23:44:44.883,0,65,0,65,1,0,0,0,SOLUSDT
2025-05-18 23:44:44.983,0,35,0,36,1,0,0,0,SOLUSDT
2025-05-18 23:44:45.083,0,66,0,66,1,0,0,0,SOLUSDT
2025-05-18 23:44:45.183,0,49,0,49,1,0,0,0,SOLUSDT
2025-05-18 23:44:45.283,0,259,0,259,1,0,0,0,SOLUSDT
2025-05-18 23:44:45.382,0,17,0,18,1,0,0,0,SOLUSDT
2025-05-18 23:44:45.483,0,57,0,57,1,0,0,0,SOLUSDT
2025-05-18 23:44:45.514,0,40,0,40,1,0,0,0,USDTARS
2025-05-18 23:44:45.583,0,55,0,55,1,0,0,0,SOLUSDT
2025-05-18 23:44:45.614,0,50,0,50,1,0,0,0,USDTARS
2025-05-18 23:44:45.682,0,25,0,25,1,0,0,0,SOLUSDT
2025-05-18 23:44:45.715,0,40,0,41,1,0,0,0,USDTARS
2025-05-18 23:44:45.784,0,48,0,48,1,0,0,0,SOLUSDT
2025-05-18 23:44:45.883,0,129,0,129,1,0,0,0,SOLUSDT
2025-05-18 23:44:45.984,0,61,0,61,1,0,0,0,SOLUSDT
2025-05-18 23:44:46.085,0,70,0,71,1,0,0,0,SOLUSDT
2025-05-18 23:44:46.183,0,53,0,54,1,0,0,0,SOLUSDT
2025-05-18 23:44:46.284,0,81,0,81,1,0,0,0,SOLUSDT
2025-05-18 23:44:46.383,0,182,0,182,1,0,0,0,SOLUSDT
2025-05-18 23:44:46.483,0,78,0,78,1,0,0,0,SOLUSDT
2025-05-18 23:44:46.583,0,23,0,23,1,0,0,0,SOLUSDT
2025-05-18 23:44:46.684,0,80,0,81,1,0,0,0,SOLUSDT
2025-05-18 23:44:46.783,0,33,0,33,1,0,0,0,SOLUSDT
2025-05-18 23:44:46.884,0,56,0,56,1,0,0,0,SOLUSDT
2025-05-18 23:44:46.984,0,44,0,45,1,0,0,0,SOLUSDT
2025-05-18 23:44:47.083,0,39,0,40,1,0,0,0,SOLUSDT
2025-05-18 23:44:47.183,0,59,0,60,1,0,0,0,SOLUSDT
2025-05-18 23:44:47.286,0,61,0,62,1,0,0,0,SOLUSDT
2025-05-18 23:44:47.384,0,89,0,89,1,0,0,0,SOLUSDT
2025-05-18 23:44:47.485,0,57,0,58,1,0,0,0,SOLUSDT
2025-05-18 23:44:47.514,0,25,0,25,1,0,0,0,USDTARS
2025-05-18 23:44:47.582,0,17,0,18,1,0,0,0,SOLUSDT
2025-05-18 23:44:47.614,0,11,0,11,1,0,0,0,USDTARS
2025-05-18 23:44:47.682,0,42,0,42,1,0,0,0,SOLUSDT
2025-05-18 23:44:47.714,0,20,0,20,1,0,0,0,USDTARS
2025-05-18 23:44:47.784,0,41,0,41,1,0,0,0,SOLUSDT
2025-05-18 23:44:47.886,0,68,0,69,1,0,0,0,SOLUSDT
2025-05-18 23:44:47.984,0,46,0,47,1,0,0,0,SOLUSDT
2025-05-18 23:44:48.083,0,59,0,59,1,0,0,0,SOLUSDT
2025-05-18 23:44:48.183,0,51,0,51,1,0,0,0,SOLUSDT
2025-05-18 23:44:48.283,0,57,0,57,1,0,0,0,SOLUSDT
2025-05-18 23:44:48.383,0,49,0,49,1,0,0,0,SOLUSDT
2025-05-18 23:44:48.484,0,196,0,197,1,0,0,0,SOLUSDT
2025-05-18 23:44:48.583,0,49,0,49,1,0,0,0,SOLUSDT
2025-05-18 23:44:48.683,0,79,0,79,1,0,0,0,SOLUSDT
2025-05-18 23:44:48.782,0,42,0,42,1,0,0,0,SOLUSDT
2025-05-18 23:44:48.883,0,94,0,95,1,0,0,0,SOLUSDT
2025-05-18 23:44:48.983,0,49,0,50,1,0,0,0,SOLUSDT
2025-05-18 23:44:49.085,0,99,0,100,1,0,0,0,SOLUSDT
2025-05-18 23:44:49.184,0,45,0,46,1,0,0,0,SOLUSDT
2025-05-18 23:44:49.283,0,57,0,57,1,0,0,0,SOLUSDT
2025-05-18 23:44:49.383,0,56,0,56,1,0,0,0,SOLUSDT
2025-05-18 23:44:49.484,0,344,0,344,1,0,0,0,SOLUSDT
2025-05-18 23:44:49.583,0,52,0,52,1,0,0,0,SOLUSDT
2025-05-18 23:44:49.683,0,71,0,71,1,0,0,0,SOLUSDT
2025-05-18 23:44:49.783,0,70,0,70,1,0,0,0,SOLUSDT
2025-05-18 23:44:49.883,0,63,0,63,1,0,0,0,SOLUSDT
2025-05-18 23:44:49.985,0,58,0,58,1,0,0,0,SOLUSDT
2025-05-18 23:44:50.083,0,89,0,90,1,0,0,0,SOLUSDT
2025-05-18 23:44:50.183,0,107,0,107,1,0,0,0,SOLUSDT
2025-05-18 23:44:50.216,0,39,0,39,1,0,0,0,USDTARS
2025-05-18 23:44:50.286,0,73,0,73,1,0,0,0,SOLUSDT
2025-05-18 23:44:50.316,0,28,0,28,1,0,0,0,USDTARS
2025-05-18 23:44:50.383,0,52,0,53,1,0,0,0,SOLUSDT
2025-05-18 23:44:50.483,0,60,0,61,1,0,0,0,SOLUSDT
2025-05-18 23:44:50.584,0,243,0,243,1,0,0,0,SOLUSDT
2025-05-18 23:44:50.684,0,42,0,43,1,0,0,0,SOLUSDT
2025-05-18 23:44:50.783,0,69,0,70,1,0,0,0,SOLUSDT
2025-05-18 23:44:50.883,0,24,0,25,1,0,0,0,SOLUSDT
2025-05-18 23:44:50.983,0,80,0,80,1,0,0,0,SOLUSDT
2025-05-18 23:44:51.082,0,61,0,61,1,0,0,0,SOLUSDT
2025-05-18 23:44:51.282,0,74,0,75,1,0,0,0,SOLUSDT
2025-05-18 23:44:51.383,0,45,0,45,1,0,0,0,SOLUSDT
2025-05-18 23:44:51.482,0,58,0,58,1,0,0,0,SOLUSDT
2025-05-18 23:44:51.516,0,33,0,33,1,0,0,0,USDTARS
2025-05-18 23:44:51.583,0,44,0,45,1,0,0,0,SOLUSDT
2025-05-18 23:44:51.615,0,33,0,33,1,0,0,0,USDTARS
2025-05-18 23:44:51.683,0,77,0,78,1,0,0,0,SOLUSDT
2025-05-18 23:44:51.783,0,69,0,69,1,0,0,0,SOLUSDT
2025-05-18 23:44:51.883,0,62,0,63,1,0,0,0,SOLUSDT
2025-05-18 23:44:51.983,0,50,0,51,1,0,0,0,SOLUSDT
2025-05-18 23:44:52.083,0,76,0,76,1,0,0,0,SOLUSDT
2025-05-18 23:44:52.183,0,59,0,59,1,0,0,0,SOLUSDT
2025-05-18 23:44:52.283,0,47,0,48,1,0,0,0,SOLUSDT
2025-05-18 23:44:52.382,0,46,0,47,1,0,0,0,SOLUSDT
2025-05-18 23:44:52.483,0,64,0,65,1,0,0,0,SOLUSDT
2025-05-18 23:44:52.585,0,16,0,16,1,0,0,0,SOLUSDT
2025-05-18 23:44:52.683,0,10,0,10,1,0,0,0,SOLUSDT
2025-05-18 23:44:52.787,0,66,0,67,1,0,0,0,SOLUSDT
2025-05-18 23:44:52.885,0,67,0,68,1,0,0,0,SOLUSDT
2025-05-18 23:44:52.983,0,20,0,20,1,0,0,0,SOLUSDT
2025-05-18 23:44:53.015,0,21,0,21,1,0,0,0,USDTARS
2025-05-18 23:44:53.084,0,133,0,133,1,0,0,0,SOLUSDT
2025-05-18 23:44:53.183,0,55,0,56,1,0,0,0,SOLUSDT
2025-05-18 23:44:53.215,0,41,0,41,1,0,0,0,USDTARS
2025-05-18 23:44:53.284,0,84,0,84,1,0,0,0,SOLUSDT
2025-05-18 23:44:53.385,0,76,0,77,1,0,0,0,SOLUSDT
2025-05-18 23:44:53.483,0,51,0,52,1,0,0,0,SOLUSDT
2025-05-18 23:44:53.583,0,57,0,58,1,0,0,0,SOLUSDT
2025-05-18 23:44:53.683,0,45,0,45,1,0,0,0,SOLUSDT
2025-05-18 23:44:53.783,0,48,0,48,1,0,0,0,SOLUSDT
2025-05-18 23:44:53.882,0,51,0,51,1,0,0,0,SOLUSDT
2025-05-18 23:44:53.983,0,58,0,58,1,0,0,0,SOLUSDT
2025-05-18 23:44:54.015,0,32,0,33,1,0,0,0,USDTARS
2025-05-18 23:44:54.083,0,71,0,71,1,0,0,0,SOLUSDT
2025-05-18 23:44:54.183,0,91,0,91,1,0,0,0,SOLUSDT
2025-05-18 23:44:54.283,0,54,0,55,1,0,0,0,SOLUSDT
2025-05-18 23:44:54.384,0,147,0,147,1,0,0,0,SOLUSDT
2025-05-18 23:44:54.484,0,68,0,68,1,0,0,0,SOLUSDT
2025-05-18 23:44:54.585,0,80,0,81,1,0,0,0,SOLUSDT
2025-05-18 23:44:54.683,0,67,0,68,1,0,0,0,SOLUSDT
2025-05-18 23:44:54.784,0,55,0,55,1,0,0,0,SOLUSDT
2025-05-18 23:44:54.883,0,46,0,47,1,0,0,0,SOLUSDT
2025-05-18 23:44:54.984,0,64,0,64,1,0,0,0,SOLUSDT
2025-05-18 23:44:55.082,0,13,0,13,1,0,0,0,SOLUSDT
2025-05-18 23:44:55.183,0,25,0,26,1,0,0,0,SOLUSDT
2025-05-18 23:44:55.483,0,61,0,61,1,0,0,0,SOLUSDT
2025-05-18 23:44:55.582,0,12,0,12,1,0,0,0,SOLUSDT
2025-05-18 23:44:55.682,0,27,0,27,1,0,0,0,SOLUSDT
2025-05-18 23:44:55.783,0,34,0,34,1,0,0,0,SOLUSDT
2025-05-18 23:44:55.883,0,50,0,50,1,0,0,0,SOLUSDT
2025-05-18 23:44:55.984,0,60,0,60,1,0,0,0,SOLUSDT
2025-05-18 23:44:56.083,0,57,0,58,1,0,0,0,SOLUSDT
2025-05-18 23:44:56.183,0,73,0,74,1,0,0,0,SOLUSDT
2025-05-18 23:44:56.283,0,43,0,44,1,0,0,0,SOLUSDT
2025-05-18 23:44:56.383,0,66,0,67,1,0,0,0,SOLUSDT
2025-05-18 23:44:56.483,0,47,0,48,1,0,0,0,SOLUSDT
2025-05-18 23:44:56.582,0,71,0,71,1,0,0,0,SOLUSDT
2025-05-18 23:44:56.683,0,54,0,54,1,0,0,0,SOLUSDT
2025-05-18 23:44:56.784,0,48,0,48,1,0,0,0,SOLUSDT
2025-05-18 23:44:56.883,0,48,0,49,1,0,0,0,SOLUSDT
2025-05-18 23:44:56.983,0,51,0,52,1,0,0,0,SOLUSDT
2025-05-18 23:44:57.084,0,74,0,75,1,0,0,0,SOLUSDT
2025-05-18 23:44:57.184,0,46,0,47,1,0,0,0,SOLUSDT
2025-05-18 23:44:57.282,0,22,0,22,1,0,0,0,SOLUSDT
2025-05-18 23:44:57.386,0,57,0,58,1,0,0,0,SOLUSDT
2025-05-18 23:44:57.583,0,21,0,21,1,0,0,0,SOLUSDT
2025-05-18 23:44:57.683,0,15,0,15,1,0,0,0,SOLUSDT
2025-05-18 23:44:57.714,0,25,0,25,1,0,0,0,USDTARS
2025-05-18 23:44:57.784,0,58,0,58,1,0,0,0,SOLUSDT
2025-05-18 23:44:57.816,0,69,0,69,1,0,0,0,USDTARS
2025-05-18 23:44:57.883,0,61,0,61,1,0,0,0,SOLUSDT
2025-05-18 23:44:58.086,0,55,0,55,1,0,0,0,SOLUSDT
2025-05-18 23:44:58.183,0,58,0,58,1,0,0,0,SOLUSDT
2025-05-18 23:44:58.283,0,87,0,87,1,0,0,0,SOLUSDT
2025-05-18 23:44:58.384,0,80,0,81,1,0,0,0,SOLUSDT
2025-05-18 23:44:58.484,0,70,0,71,1,0,0,0,SOLUSDT
2025-05-18 23:44:58.583,0,52,0,53,1,0,0,0,SOLUSDT
2025-05-18 23:44:58.683,0,70,0,70,1,0,0,0,SOLUSDT
2025-05-18 23:44:58.783,0,42,0,42,1,0,0,0,SOLUSDT
2025-05-18 23:44:58.886,0,85,0,85,1,0,0,0,SOLUSDT
2025-05-18 23:44:58.983,0,46,0,47,1,0,0,0,SOLUSDT
2025-05-18 23:44:59.083,0,85,0,85,1,0,0,0,SOLUSDT
2025-05-18 23:44:59.184,0,81,0,81,1,0,0,0,SOLUSDT
2025-05-18 23:44:59.284,0,75,0,75,1,0,0,0,SOLUSDT
2025-05-18 23:44:59.382,0,18,0,18,1,0,0,0,SOLUSDT
2025-05-18 23:44:59.487,0,79,0,79,1,0,0,0,SOLUSDT
2025-05-18 23:44:59.584,0,97,0,97,1,0,0,0,SOLUSDT
2025-05-18 23:44:59.684,0,102,0,102,1,0,0,0,SOLUSDT
2025-05-18 23:44:59.799,0,88,0,88,1,0,0,0,SOLUSDT
2025-05-18 23:44:59.894,0,46,0,46,1,0,0,0,SOLUSDT
2025-05-18 23:44:59.983,0,82,0,82,1,0,0,0,SOLUSDT
2025-05-18 23:45:00.086,0,13,0,13,1,0,0,0,SOLUSDT
2025-05-18 23:45:00.183,0,55,0,55,1,0,0,0,SOLUSDT
2025-05-18 23:45:00.282,0,20,0,20,1,0,0,0,SOLUSDT
2025-05-18 23:45:00.382,0,20,0,20,1,0,0,0,SOLUSDT
2025-05-18 23:45:00.483,0,17,0,17,1,0,0,0,SOLUSDT
2025-05-18 23:45:00.582,0,20,0,20,1,0,0,0,SOLUSDT
2025-05-18 23:45:00.683,0,66,0,66,1,0,0,0,SOLUSDT
2025-05-18 23:45:00.782,0,18,0,18,1,0,0,0,SOLUSDT
2025-05-18 23:45:00.885,0,23,0,23,1,0,0,0,SOLUSDT
2025-05-18 23:45:00.989,0,31,0,31,1,0,0,0,SOLUSDT
2025-05-18 23:45:01.088,0,15,0,15,1,0,0,0,SOLUSDT
2025-05-18 23:45:01.184,0,18,0,18,1,0,0,0,SOLUSDT
2025-05-18 23:45:01.283,0,13,0,13,1,0,0,0,SOLUSDT
2025-05-18 23:45:01.382,0,32,0,32,1,0,0,0,SOLUSDT
2025-05-18 23:45:01.482,0,17,0,17,1,0,0,0,SOLUSDT
2025-05-18 23:45:01.583,0,27,0,28,1,0,0,0,SOLUSDT
2025-05-18 23:45:01.685,0,58,0,58,1,0,0,0,SOLUSDT
2025-05-18 23:45:01.783,0,61,0,61,1,0,0,0,SOLUSDT
2025-05-18 23:45:01.885,0,86,0,87,1,0,0,0,SOLUSDT
2025-05-18 23:45:01.983,0,57,0,58,1,0,0,0,SOLUSDT
2025-05-18 23:45:02.083,0,70,0,71,1,0,0,0,SOLUSDT
2025-05-18 23:45:02.183,0,50,0,51,1,0,0,0,SOLUSDT
2025-05-18 23:45:02.283,0,86,0,87,1,0,0,0,SOLUSDT
2025-05-18 23:45:02.383,0,63,0,64,1,0,0,0,SOLUSDT
2025-05-18 23:45:02.482,0,22,0,22,1,0,0,0,SOLUSDT
2025-05-18 23:45:02.582,0,46,0,46,1,0,0,0,SOLUSDT
2025-05-18 23:45:02.682,0,56,0,56,1,0,0,0,SOLUSDT
2025-05-18 23:45:02.782,0,25,0,25,1,0,0,0,SOLUSDT
2025-05-18 23:45:02.882,0,11,0,11,1,0,0,0,SOLUSDT
2025-05-18 23:45:02.982,0,13,0,13,1,0,0,0,SOLUSDT
2025-05-18 23:45:03.082,0,13,0,13,1,0,0,0,SOLUSDT
2025-05-18 23:45:03.185,0,47,0,47,1,0,0,0,SOLUSDT
2025-05-18 23:45:03.283,0,7,0,7,1,0,0,0,SOLUSDT
2025-05-18 23:45:03.382,0,17,0,17,1,0,0,0,SOLUSDT
2025-05-18 23:45:03.484,0,46,0,46,1,0,0,0,SOLUSDT
2025-05-18 23:45:03.582,0,12,0,12,1,0,0,0,SOLUSDT
2025-05-18 23:45:03.683,0,19,0,20,1,0,0,0,SOLUSDT
2025-05-18 23:45:03.792,0,56,0,57,1,0,0,0,SOLUSDT
2025-05-18 23:45:03.898,0,23,0,23,1,0,0,0,SOLUSDT
2025-05-18 23:45:04.018,0,22,0,22,1,0,0,0,SOLUSDT
2025-05-18 23:45:04.093,0,14,0,14,1,0,0,0,SOLUSDT
2025-05-18 23:45:04.194,0,27,0,28,1,0,0,0,SOLUSDT
2025-05-18 23:45:04.303,0,19,0,19,1,0,0,0,SOLUSDT
2025-05-18 23:45:04.403,0,26,0,26,1,0,0,0,SOLUSDT
2025-05-18 23:45:04.503,0,51,0,52,1,0,0,0,SOLUSDT
2025-05-18 23:45:04.584,0,44,0,45,1,0,0,0,SOLUSDT
2025-05-18 23:45:04.686,0,81,0,81,1,0,0,0,SOLUSDT
2025-05-18 23:45:04.783,0,31,0,31,1,0,0,0,SOLUSDT
2025-05-18 23:45:04.887,0,70,0,70,1,0,0,0,SOLUSDT
2025-05-18 23:45:04.983,0,69,0,69,1,0,0,0,SOLUSDT
2025-05-18 23:45:05.083,0,73,0,74,1,0,0,0,SOLUSDT
2025-05-18 23:45:05.183,0,60,0,60,1,0,0,0,SOLUSDT
2025-05-18 23:45:05.283,0,115,0,116,1,0,0,0,SOLUSDT
2025-05-18 23:45:05.383,0,52,0,53,1,0,0,0,SOLUSDT
2025-05-18 23:45:05.484,0,116,0,117,1,0,0,0,SOLUSDT
2025-05-18 23:45:05.585,0,87,0,87,1,0,0,0,SOLUSDT
2025-05-18 23:45:05.683,0,51,0,52,1,0,0,0,SOLUSDT
2025-05-18 23:45:05.782,0,34,0,35,1,0,0,0,SOLUSDT
2025-05-18 23:45:05.884,0,67,0,67,1,0,0,0,SOLUSDT
2025-05-18 23:45:05.983,0,46,0,47,1,0,0,0,SOLUSDT
2025-05-18 23:45:06.084,0,37,0,37,1,0,0,0,SOLUSDT
2025-05-18 23:45:06.186,0,53,0,53,1,0,0,0,SOLUSDT
2025-05-18 23:45:06.283,0,62,0,63,1,0,0,0,SOLUSDT
2025-05-18 23:45:06.383,0,77,0,77,1,0,0,0,SOLUSDT
2025-05-18 23:45:06.483,0,84,0,84,1,0,0,0,SOLUSDT
2025-05-18 23:45:06.583,0,39,0,39,1,0,0,0,SOLUSDT
2025-05-18 23:45:06.683,0,84,0,85,1,0,0,0,SOLUSDT
2025-05-18 23:45:06.784,0,56,0,56,1,0,0,0,SOLUSDT
2025-05-18 23:45:06.883,0,53,0,53,1,0,0,0,SOLUSDT
2025-05-18 23:45:06.983,0,65,0,66,1,0,0,0,SOLUSDT
2025-05-18 23:45:07.083,0,45,0,46,1,0,0,0,SOLUSDT
2025-05-18 23:45:07.184,0,41,0,41,1,0,0,0,SOLUSDT
2025-05-18 23:45:07.284,0,17,0,17,1,0,0,0,SOLUSDT
2025-05-18 23:45:07.384,0,23,0,23,1,0,0,0,SOLUSDT
2025-05-18 23:45:07.482,0,16,0,16,1,0,0,0,SOLUSDT
2025-05-18 23:45:07.583,0,19,0,19,1,0,0,0,SOLUSDT
2025-05-18 23:45:07.682,0,14,0,14,1,0,0,0,SOLUSDT
2025-05-18 23:45:07.782,0,21,0,21,1,0,0,0,SOLUSDT
2025-05-18 23:45:07.883,0,22,0,22,1,0,0,0,SOLUSDT
2025-05-18 23:45:07.982,0,16,0,16,1,0,0,0,SOLUSDT
2025-05-18 23:45:08.083,0,30,0,30,1,0,0,0,SOLUSDT
2025-05-18 23:45:08.183,0,22,0,23,1,0,0,0,SOLUSDT
2025-05-18 23:45:08.285,0,40,0,41,1,0,0,0,SOLUSDT
2025-05-18 23:45:08.386,0,752,0,753,1,0,0,0,SOLUSDT
2025-05-18 23:45:08.482,0,16,0,16,1,0,0,0,SOLUSDT
2025-05-18 23:45:08.582,0,19,0,19,1,0,0,0,SOLUSDT
2025-05-18 23:45:08.695,0,104,0,104,1,0,0,0,SOLUSDT
